PRJNA353873,SAMN06221498,SRR5181846
PRJNA353873,SAMN06221280,SRR5181986
PRJNA717333,SAMN18498627,SRR14088385
PRJNA353873,SAMN06221375,SRR5181939
PRJNA353873,SAMN06221065,SRR5182135
PRJNA663350,SAMN16130550,SRR12708374
PRJNA650381,SAMN15703116,SRR12395458
PRJNA413593,SAMN07765997,SRR6153036
PRJNA353873,SAMN06221117,SRR5182102
PRJNA888434,SAMN31217771,SRR21853794
PRJNA353873,SAMN06221444,SRR5181899
PRJNA717333,SAMN18498638,SRR14088373
PRJNA353873,SAMN06221062,SRR5182137
PRJNA650381,SAMN15703124,SRR12395449
PRJNA557083,SAMN12389162,SRR9851505
PRJNA557083,SAMN12389162,SRR9853160
PRJNA353873,SAMN06221209,SRR5182041
PRJNA557083,SAMN12389216,SRR9851438
PRJNA557083,SAMN12389216,SRR9853175
PRJNA650381,SAMN15703113,SRR12395090
PRJNA353873,SAMN06221256,SRR5182001
PRJNA663350,SAMN16130574,SRR12708398
PRJNA717333,SAMN18498634,SRR14088377
PRJNA663350,SAMN16130544,SRR12708382
PRJNA650381,SAMN15703329,SRR12395163
PRJNA824124,SAMN27391432,SRR18665484
PRJNA557083,SAMN12389265,SRR9851490
PRJNA557083,SAMN12389265,SRR9853257
PRJNA353873,SAMN06221008,SRR5182172
PRJNA650381,SAMN15703335,SRR12395156
PRJNA650381,SAMN15703166,SRR12395406
PRJNA557083,SAMN12389249,SRR9851448
PRJNA557083,SAMN12389249,SRR9853186
PRJNA650381,SAMN15703245,SRR12395296
PRJNA650381,SAMN15703296,SRR12395200
PRJNA353873,SAMN06221423,SRR5181918
PRJNA650381,SAMN15703339,SRR12395152
PRJNA557083,SAMN12389197,SRR9851533
PRJNA557083,SAMN12389197,SRR9853301
PRJNA557083,SAMN12389268,SRR9851519
PRJNA557083,SAMN12389268,SRR9853262
PRJNA557083,SAMN12389161,SRR9851562
PRJNA557083,SAMN12389161,SRR9853214
PRJNA413593,SAMN08215049,SRR6397771
PRJNA717333,SAMN18498617,SRR14088349
PRJNA650381,SAMN15703117,SRR12395456
PRJNA353873,SAMN06221512,SRR5181833
PRJNA650381,SAMN15703302,SRR12395193
PRJNA650381,SAMN15703346,SRR12395144
PRJNA650381,SAMN15703086,SRR12395054
PRJNA353873,SAMN06221208,SRR5182042
PRJNA353873,SAMN06221111,SRR5182108
PRJNA650381,SAMN15703016,SRR12395238
PRJNA353873,SAMN06221205,SRR5182045
PRJNA824124,SAMN27391463,SRR18665459
PRJNA650381,SAMN15702999,SRR12395252
PRJNA353873,SAMN06221462,SRR5181881
PRJNA650381,SAMN15703157,SRR12395416
PRJNA557083,SAMN12389187,SRR9851572
PRJNA557083,SAMN12389187,SRR9853281
PRJNA650381,SAMN15702938,SRR12395332
PRJNA438921,SAMN09090584,SRR7131135
PRJNA663350,SAMN16130583,SRR12708388
PRJNA663350,SAMN16130581,SRR12708390
PRJNA717333,SAMN18498618,SRR14088348
PRJNA663350,SAMN16130543,SRR12708383
PRJNA557083,SAMN12389171,SRR9851510
PRJNA557083,SAMN12389171,SRR9853157
PRJNA353873,SAMN06221100,SRR5182114
PRJNA557083,SAMN12389279,SRR9851584
PRJNA557083,SAMN12389279,SRR9853240
PRJNA650381,SAMN15703028,SRR12395227
PRJNA663350,SAMN16130545,SRR12708381
PRJNA353873,SAMN06221202,SRR5182048
PRJNA353873,SAMN06221118,SRR5182101
PRJNA824124,SAMN31672560,SRR22248492
PRJNA824124,SAMN27391465,SRR18665457
PRJNA557083,SAMN12389166,SRR9851509
PRJNA557083,SAMN12389166,SRR9853188
PRJNA353873,SAMN06221520,SRR5181825
PRJNA557083,SAMN12389173,SRR9851578
PRJNA557083,SAMN12389173,SRR9853208
PRJNA353873,SAMN06221130,SRR5182096
PRJNA353873,SAMN06221038,SRR5182151
PRJNA353873,SAMN06221419,SRR5181922
PRJNA557083,SAMN12389222,SRR9851500
PRJNA557083,SAMN12389222,SRR9853154
PRJNA824124,SAMN27391439,SRR18665434
PRJNA353873,SAMN06221426,SRR5181915
PRJNA438921,SAMN09090399,SRR7131051
PRJNA353873,SAMN06221297,SRR5181973
PRJNA557083,SAMN12389258,SRR9851431
PRJNA557083,SAMN12389258,SRR9853167
PRJNA438921,SAMN09090495,SRR7131065
PRJNA353873,SAMN06221027,SRR5182160
PRJNA353873,SAMN06221173,SRR5182071
PRJNA650381,SAMN15703076,SRR12395103
PRJNA353873,SAMN06221258,SRR5182000
PRJNA824124,SAMN31672575,SRR22248476
PRJNA824124,SAMN27391473,SRR18665448
PRJNA353873,SAMN06221198,SRR5182052
PRJNA824124,SAMN31672550,SRR22248494
PRJNA353873,SAMN06221501,SRR5181843
PRJNA557083,SAMN12389213,SRR9851501
PRJNA557083,SAMN12389213,SRR9853180
PRJNA663350,SAMN16130559,SRR12708414
PRJNA650381,SAMN15703229,SRR12395359
PRJNA650381,SAMN15703190,SRR12395110
PRJNA557083,SAMN12389190,SRR9851487
PRJNA557083,SAMN12389190,SRR9853164
PRJNA353873,SAMN06221491,SRR5181852
PRJNA353873,SAMN06221104,SRR5182113
PRJNA353873,SAMN06221475,SRR5181868
PRJNA438921,SAMN09090474,SRR7131127
PRJNA353873,SAMN06221172,SRR5182073
PRJNA353873,SAMN06221481,SRR5181862
PRJNA650381,SAMN15703079,SRR12395061
PRJNA353873,SAMN06221472,SRR5181871
PRJNA824124,SAMN31672565,SRR22248487
PRJNA650381,SAMN15703043,SRR12395077
PRJNA650381,SAMN15703253,SRR12395287
PRJNA353873,SAMN06221253,SRR5182004
PRJNA663350,SAMN16130577,SRR12708394
PRJNA353873,SAMN06221301,SRR5181971
PRJNA353873,SAMN06221288,SRR5181977
PRJNA353873,SAMN06221275,SRR5181989
PRJNA353873,SAMN06221151,SRR5182086
PRJNA353873,SAMN06221168,SRR5182076
PRJNA824124,SAMN27391444,SRR18665480
PRJNA650381,SAMN15703300,SRR12395196
PRJNA824124,SAMN27391477,SRR18665444
PRJNA557083,SAMN12389270,SRR9851489
PRJNA557083,SAMN12389270,SRR9853264
PRJNA557083,SAMN12389255,SRR9851428
PRJNA557083,SAMN12389255,SRR9853172
PRJNA650381,SAMN15702964,SRR12395304
PRJNA353873,SAMN06221290,SRR5181976
PRJNA353873,SAMN06221059,SRR5182139
PRJNA438921,SAMN09090594,SRR7131110
PRJNA650381,SAMN15703311,SRR12395183
PRJNA650381,SAMN15702985,SRR12395312
PRJNA650381,SAMN15703254,SRR12395286
PRJNA353873,SAMN06221005,SRR5182174
PRJNA557083,SAMN12389276,SRR9851581
PRJNA557083,SAMN12389276,SRR9853241
PRJNA650381,SAMN15703046,SRR12395073
PRJNA824124,SAMN31672576,SRR22248475
PRJNA557083,SAMN12389262,SRR9851517
PRJNA557083,SAMN12389262,SRR9853256
PRJNA824124,SAMN27391433,SRR18665483
PRJNA557083,SAMN12389157,SRR9851556
PRJNA557083,SAMN12389157,SRR9853220
PRJNA824124,SAMN27391438,SRR18665435
PRJNA834625,SAMN28053287,SRR19050359
PRJNA353873,SAMN06221308,SRR5181969
PRJNA663350,SAMN16130579,SRR12708392
PRJNA557083,SAMN12389125,SRR9851484
PRJNA557083,SAMN12389125,SRR9853232
PRJNA650381,SAMN15703002,SRR12395424
PRJNA353873,SAMN06221480,SRR5181863
PRJNA353873,SAMN06221478,SRR5181865
PRJNA353873,SAMN06221207,SRR5182043
PRJNA353873,SAMN06221224,SRR5182027
PRJNA353873,SAMN06221110,SRR5182109
PRJNA353873,SAMN06221204,SRR5182046
PRJNA663350,SAMN16130565,SRR12708408
PRJNA353873,SAMN06221428,SRR5181913
PRJNA557083,SAMN12389219,SRR9851571
PRJNA557083,SAMN12389219,SRR9853174
PRJNA438921,SAMN09090534,SRR7131141
PRJNA557083,SAMN12389248,SRR9851449
PRJNA557083,SAMN12389248,SRR9853187
PRJNA824124,SAMN31672553,SRR22248471
PRJNA557083,SAMN12389147,SRR9851465
PRJNA557083,SAMN12389147,SRR9853195
PRJNA557083,SAMN12389240,SRR9851551
PRJNA557083,SAMN12389240,SRR9853288
PRJNA557083,SAMN12389217,SRR9851566
PRJNA557083,SAMN12389217,SRR9853176
PRJNA557083,SAMN12389283,SRR9851459
PRJNA557083,SAMN12389283,SRR9853226
PRJNA824124,SAMN27391452,SRR18665471
PRJNA650381,SAMN15702948,SRR12395321
PRJNA557083,SAMN12389225,SRR9851497
PRJNA557083,SAMN12389225,SRR9853155
PRJNA353873,SAMN06221084,SRR5182124
PRJNA650381,SAMN15703017,SRR12395237
PRJNA824124,SAMN31672564,SRR22248488
PRJNA824124,SAMN27391474,SRR18665447
PRJNA650381,SAMN15703185,SRR12395400
PRJNA824124,SAMN27391472,SRR18665449
PRJNA650381,SAMN15703100,SRR12395464
PRJNA557083,SAMN12389246,SRR9851447
PRJNA557083,SAMN12389246,SRR9853285
PRJNA353873,SAMN06221436,SRR5181906
PRJNA650381,SAMN15702994,SRR12395064
PRJNA353873,SAMN06221441,SRR5181902
PRJNA557083,SAMN12389218,SRR9851570
PRJNA557083,SAMN12389218,SRR9853173
PRJNA353873,SAMN06221211,SRR5182039
PRJNA824124,SAMN27391464,SRR18665458
PRJNA717333,SAMN18498639,SRR14088371
PRJNA557083,SAMN12389242,SRR9851443
PRJNA557083,SAMN12389242,SRR9853185
PRJNA353873,SAMN06221113,SRR5182106
PRJNA353873,SAMN06221463,SRR5181880
PRJNA824124,SAMN31672569,SRR22248483
PRJNA824124,SAMN31672567,SRR22248485
PRJNA824124,SAMN27391451,SRR18665473
PRJNA650381,SAMN15703131,SRR12395441
PRJNA650381,SAMN15703248,SRR12395293
PRJNA650381,SAMN15703320,SRR12395174
PRJNA353873,SAMN06221296,SRR5181974
PRJNA650381,SAMN15703285,SRR12395212
PRJNA353873,SAMN06221282,SRR5181984
PRJNA650381,SAMN15703068,SRR12395137
PRJNA438921,SAMN09090444,SRR7131257
PRJNA353873,SAMN06221022,SRR5182164
PRJNA717333,SAMN18498624,SRR14088388
PRJNA717333,SAMN18498619,SRR14088393
PRJNA557083,SAMN12389223,SRR9851499
PRJNA557083,SAMN12389223,SRR9853231
PRJNA650381,SAMN15703034,SRR12395224
PRJNA353873,SAMN06221506,SRR5181838
PRJNA824124,SAMN31672581,SRR22248469
PRJNA663350,SAMN16130556,SRR12708418
PRJNA353873,SAMN06221350,SRR5181952
PRJNA353873,SAMN06221451,SRR5181892
PRJNA438921,SAMN09090602,SRR7131074
PRJNA650381,SAMN15702984,SRR12395323
PRJNA353873,SAMN06221356,SRR5181949
PRJNA557083,SAMN12389256,SRR9851433
PRJNA557083,SAMN12389256,SRR9853165
PRJNA353873,SAMN06221452,SRR5181891
PRJNA353873,SAMN06221251,SRR5182006
PRJNA650381,SAMN15703167,SRR12395405
PRJNA663350,SAMN16130554,SRR12708370
PRJNA353873,SAMN06221057,SRR5182140
PRJNA353873,SAMN06221466,SRR5181877
PRJNA650381,SAMN15703070,SRR12395134
PRJNA353873,SAMN06221186,SRR5182061
PRJNA824124,SAMN31672566,SRR22248486
PRJNA353873,SAMN06221156,SRR5182083
PRJNA438921,SAMN09090422,SRR7131117
PRJNA557083,SAMN12389267,SRR9851520
PRJNA557083,SAMN12389267,SRR9853259
PRJNA438921,SAMN09090491,SRR7131061
PRJNA650381,SAMN15703256,SRR12395284
PRJNA353873,SAMN06221511,SRR5181834
PRJNA650381,SAMN15703217,SRR12395373
PRJNA650381,SAMN15702979,SRR12395102
PRJNA557083,SAMN12389172,SRR9851577
PRJNA557083,SAMN12389172,SRR9853207
PRJNA650381,SAMN15703344,SRR12395146
PRJNA353873,SAMN06221285,SRR5181980
PRJNA353873,SAMN06221317,SRR5181967
PRJNA663350,SAMN16130537,SRR12708379
PRJNA353873,SAMN06221260,SRR5181998
PRJNA650381,SAMN15702949,SRR12395320
PRJNA650381,SAMN15703316,SRR12395178
PRJNA353873,SAMN06221443,SRR5181900
PRJNA353873,SAMN06221226,SRR5182025
PRJNA353873,SAMN06221029,SRR5182158
PRJNA663350,SAMN16130570,SRR12708402
PRJNA650381,SAMN15703213,SRR12395377
PRJNA438921,SAMN09090494,SRR7131064
PRJNA353873,SAMN06221236,SRR5182018
PRJNA717333,SAMN18498652,SRR14088357
PRJNA663350,SAMN16130573,SRR12708399
PRJNA650381,SAMN15703141,SRR12395430
PRJNA353873,SAMN06221210,SRR5182040
PRJNA557083,SAMN12389165,SRR9851502
PRJNA557083,SAMN12389165,SRR9853161
PRJNA824124,SAMN27391476,SRR18665445
PRJNA557083,SAMN12389134,SRR9851539
PRJNA557083,SAMN12389134,SRR9853249
PRJNA353873,SAMN06221315,SRR5181968
PRJNA557083,SAMN12389138,SRR9851452
PRJNA557083,SAMN12389138,SRR9853245
PRJNA650381,SAMN15703126,SRR12395447
PRJNA824124,SAMN31672551,SRR22248493
PRJNA353873,SAMN06221394,SRR5181931
PRJNA650381,SAMN15703246,SRR12395295
PRJNA650381,SAMN15702959,SRR12395309
PRJNA353873,SAMN06221515,SRR5181830
PRJNA353873,SAMN06221490,SRR5181853
PRJNA353873,SAMN06221183,SRR5182063
PRJNA824124,SAMN31672568,SRR22248484
PRJNA353873,SAMN06221510,SRR5181835
PRJNA353873,SAMN06221181,SRR5182065
PRJNA650381,SAMN15703003,SRR12395413
PRJNA438921,SAMN09090577,SRR7131076
PRJNA557083,SAMN12389168,SRR9851507
PRJNA557083,SAMN12389168,SRR9853190
PRJNA353873,SAMN06221161,SRR5182080
PRJNA650381,SAMN15703239,SRR12395348
PRJNA353873,SAMN06221471,SRR5181872
PRJNA353873,SAMN06221026,SRR5182161
PRJNA650381,SAMN15703008,SRR12395247
PRJNA650381,SAMN15703018,SRR12395236
PRJNA557083,SAMN12389220,SRR9851475
PRJNA557083,SAMN12389220,SRR9853201
PRJNA650381,SAMN15703132,SRR12395440
PRJNA353873,SAMN06221222,SRR5182029
PRJNA353873,SAMN06221287,SRR5181978
PRJNA353873,SAMN06221244,SRR5182012
PRJNA353873,SAMN06221070,SRR5182132
PRJNA353873,SAMN06221051,SRR5182143
PRJNA413593,SAMN07766172,SRR6153068
PRJNA650381,SAMN15702942,SRR12395328
PRJNA353873,SAMN06221390,SRR5181933
PRJNA557083,SAMN12389122,SRR9851481
PRJNA557083,SAMN12389122,SRR9853233
PRJNA353873,SAMN06221505,SRR5181839
PRJNA353873,SAMN06221033,SRR5182155
PRJNA557083,SAMN12389146,SRR9851466
PRJNA557083,SAMN12389146,SRR9853196
PRJNA663350,SAMN16130566,SRR12708407
PRJNA650381,SAMN15703303,SRR12395192
PRJNA353873,SAMN06221163,SRR5182079
PRJNA650381,SAMN15703292,SRR12395204
PRJNA557083,SAMN12389257,SRR9851434
PRJNA557083,SAMN12389257,SRR9853166
PRJNA353873,SAMN06221519,SRR5181826
PRJNA353873,SAMN06221271,SRR5181991
PRJNA663350,SAMN16130578,SRR12708393
PRJNA824124,SAMN27391483,SRR18665437
PRJNA353873,SAMN06221228,SRR5182023
PRJNA353873,SAMN06221206,SRR5182044
PRJNA557083,SAMN12389185,SRR9851514
PRJNA557083,SAMN12389185,SRR9853275
PRJNA650381,SAMN15703201,SRR12395390
PRJNA650381,SAMN15703112,SRR12395092
PRJNA650381,SAMN15703127,SRR12395445
PRJNA650381,SAMN15703236,SRR12395351
PRJNA557083,SAMN12389250,SRR9851440
PRJNA557083,SAMN12389250,SRR9853287
PRJNA353873,SAMN06221019,SRR5182166
PRJNA824124,SAMN27391479,SRR18665442
PRJNA650381,SAMN15703330,SRR12395162
PRJNA353873,SAMN06221212,SRR5182038
PRJNA353873,SAMN06221469,SRR5181874
PRJNA353873,SAMN06221415,SRR5181925
PRJNA557083,SAMN12389198,SRR9851530
PRJNA557083,SAMN12389198,SRR9853302
PRJNA353873,SAMN06221188,SRR5182060
PRJNA353873,SAMN06221223,SRR5182028
PRJNA650381,SAMN15703181,SRR12395116
PRJNA353873,SAMN06221339,SRR5181957
PRJNA353873,SAMN06221218,SRR5182033
PRJNA557083,SAMN12389281,SRR9851580
PRJNA557083,SAMN12389281,SRR9853244
PRJNA650381,SAMN15703218,SRR12395372
PRJNA557083,SAMN12389159,SRR9851554
PRJNA557083,SAMN12389159,SRR9853222
PRJNA353873,SAMN06221195,SRR5182055
PRJNA717333,SAMN18498632,SRR14088379
PRJNA353873,SAMN06221323,SRR5181964
PRJNA557083,SAMN12389169,SRR9851506
PRJNA557083,SAMN12389169,SRR9853189
PRJNA353873,SAMN06221220,SRR5182031
PRJNA353873,SAMN06221192,SRR5182058
PRJNA824124,SAMN27391459,SRR18665464
PRJNA650381,SAMN15703322,SRR12395170
PRJNA717333,SAMN18498645,SRR14088365
PRJNA824124,SAMN31672552,SRR22248482
PRJNA824124,SAMN31672577,SRR22248474
PRJNA824124,SAMN27391436,SRR18665450
PRJNA717333,SAMN18498625,SRR14088387
PRJNA557083,SAMN12389155,SRR9851558
PRJNA557083,SAMN12389155,SRR9853218
PRJNA824124,SAMN27391469,SRR18665453
PRJNA650381,SAMN15703291,SRR12395205
PRJNA353873,SAMN06221381,SRR5181938
PRJNA650381,SAMN15703158,SRR12395415
PRJNA650381,SAMN15703012,SRR12395243
PRJNA650381,SAMN15703101,SRR12395463
PRJNA353873,SAMN06221446,SRR5181897
PRJNA663350,SAMN16130546,SRR12708380
PRJNA557083,SAMN12389280,SRR9851579
PRJNA557083,SAMN12389280,SRR9853243
PRJNA557083,SAMN12389237,SRR9851548
PRJNA557083,SAMN12389237,SRR9853293
PRJNA650381,SAMN15703199,SRR12395393
PRJNA353873,SAMN06221343,SRR5181956
PRJNA353873,SAMN06221513,SRR5181832
PRJNA650381,SAMN15703138,SRR12395433
PRJNA824124,SAMN27391446,SRR18665478
PRJNA353873,SAMN06221457,SRR5181886
PRJNA353873,SAMN06221349,SRR5181953
PRJNA353873,SAMN06221072,SRR5182131
PRJNA824124,SAMN31672558,SRR22248464
PRJNA557083,SAMN12389131,SRR9851476
PRJNA557083,SAMN12389131,SRR9853148
PRJNA650381,SAMN15703267,SRR12395272
PRJNA353873,SAMN06221214,SRR5182036
PRJNA353873,SAMN06221455,SRR5181888
PRJNA353873,SAMN06221382,SRR5181937
PRJNA717333,SAMN18498612,SRR14088372
PRJNA353873,SAMN06221411,SRR5181926
PRJNA353873,SAMN06221425,SRR5181916
PRJNA353873,SAMN06221372,SRR5181941
PRJNA824124,SAMN27391458,SRR18665465
PRJNA888434,SAMN31230555,SRR21853793
PRJNA650381,SAMN15703146,SRR12395130
PRJNA353873,SAMN06221178,SRR5182066
PRJNA438921,SAMN09090603,SRR7131278
PRJNA650381,SAMN15703001,SRR12395435
PRJNA650381,SAMN15703081,SRR12395059
PRJNA353873,SAMN06221448,SRR5181895
PRJNA557083,SAMN12389180,SRR9851568
PRJNA557083,SAMN12389180,SRR9853203
PRJNA353873,SAMN06221238,SRR5182016
PRJNA353873,SAMN06221254,SRR5182003
PRJNA557083,SAMN12389163,SRR9851504
PRJNA557083,SAMN12389163,SRR9853159
PRJNA717333,SAMN18498626,SRR14088386
PRJNA438921,SAMN09090554,SRR7131252
PRJNA353873,SAMN06221048,SRR5182145
PRJNA353873,SAMN06221069,SRR5182133
PRJNA353873,SAMN06221016,SRR5182167
PRJNA824124,SAMN27391442,SRR18665482
PRJNA557083,SAMN12389203,SRR9851461
PRJNA557083,SAMN12389203,SRR9853271
PRJNA557083,SAMN12389200,SRR9851524
PRJNA557083,SAMN12389200,SRR9853298
PRJNA557083,SAMN12389188,SRR9851437
PRJNA557083,SAMN12389188,SRR9853280
PRJNA650381,SAMN15703312,SRR12395182
PRJNA650381,SAMN15703142,SRR12395429
PRJNA824124,SAMN27391449,SRR18665475
PRJNA650381,SAMN15703040,SRR12395080
PRJNA650381,SAMN15703015,SRR12395240
PRJNA353873,SAMN06221431,SRR5181911
PRJNA353873,SAMN06221261,SRR5181997
PRJNA824124,SAMN27391471,SRR18665451
PRJNA824124,SAMN27391467,SRR18665455
PRJNA650381,SAMN15703283,SRR12395214
PRJNA353873,SAMN06221109,SRR5182110
PRJNA353873,SAMN06221458,SRR5181885
PRJNA717333,SAMN18498642,SRR14088368
PRJNA650381,SAMN15702989,SRR12395250
PRJNA353873,SAMN06221479,SRR5181864
PRJNA557083,SAMN12389148,SRR9851468
PRJNA557083,SAMN12389148,SRR9853194
PRJNA353873,SAMN06221485,SRR5181858
PRJNA353873,SAMN06221284,SRR5181981
PRJNA353873,SAMN06221247,SRR5182009
PRJNA353873,SAMN06221176,SRR5182068
PRJNA353873,SAMN06221136,SRR5182094
PRJNA413593,SAMN09492288,SRR7439414
PRJNA824124,SAMN31672573,SRR22248478
PRJNA663350,SAMN16130548,SRR12708376
PRJNA353873,SAMN06221047,SRR5182146
PRJNA650381,SAMN15703059,SRR12395172
PRJNA650381,SAMN15703273,SRR12395265
PRJNA353873,SAMN06221074,SRR5182129
PRJNA353873,SAMN06221075,SRR5182128
PRJNA353873,SAMN06221090,SRR5182120
PRJNA353873,SAMN06221421,SRR5181920
PRJNA650381,SAMN15702952,SRR12395317
PRJNA413593,SAMN09492290,SRR7439416
PRJNA557083,SAMN12389259,SRR9851432
PRJNA557083,SAMN12389259,SRR9853168
PRJNA650381,SAMN15702980,SRR12395091
PRJNA650381,SAMN15703343,SRR12395147
PRJNA353873,SAMN06221106,SRR5182111
PRJNA438921,SAMN09090404,SRR7131054
PRJNA353873,SAMN06221159,SRR5182081
PRJNA650381,SAMN15703318,SRR12395176
PRJNA650381,SAMN15703027,SRR12395229
PRJNA438921,SAMN09090538,SRR7131179
PRJNA353873,SAMN06221153,SRR5182084
PRJNA663350,SAMN16130576,SRR12708396
PRJNA557083,SAMN12389226,SRR9851496
PRJNA557083,SAMN12389226,SRR9853150
PRJNA353873,SAMN06221127,SRR5182098
PRJNA663350,SAMN16130553,SRR12708371
PRJNA650381,SAMN15703205,SRR12395386
PRJNA650381,SAMN15703293,SRR12395203
PRJNA353873,SAMN06221094,SRR5182117
PRJNA353873,SAMN06221055,SRR5182141
PRJNA353873,SAMN06221248,SRR5182008
PRJNA557083,SAMN12389204,SRR9851522
PRJNA557083,SAMN12389204,SRR9853274
PRJNA650381,SAMN15703156,SRR12395417
PRJNA353873,SAMN06221025,SRR5182162
PRJNA663350,SAMN16130586,SRR12708385
PRJNA353873,SAMN06221283,SRR5181983
PRJNA353873,SAMN06221482,SRR5181861
PRJNA353873,SAMN06221399,SRR5181929
PRJNA824124,SAMN27391447,SRR18665477
PRJNA717333,SAMN18498650,SRR14088359
PRJNA650381,SAMN15703041,SRR12395079
PRJNA824124,SAMN27391478,SRR18665443
PRJNA650381,SAMN15703069,SRR12395136
PRJNA663350,SAMN16130542,SRR12708384
PRJNA557083,SAMN12389123,SRR9851482
PRJNA557083,SAMN12389123,SRR9853234
PRJNA353873,SAMN06221371,SRR5181942
PRJNA650381,SAMN15703162,SRR12395410
PRJNA353873,SAMN06221456,SRR5181887
PRJNA353873,SAMN06221497,SRR5181847
PRJNA824124,SAMN27391484,SRR18665436
PRJNA557083,SAMN12389238,SRR9851549
PRJNA557083,SAMN12389238,SRR9853290
PRJNA557083,SAMN12389241,SRR9851552
PRJNA557083,SAMN12389241,SRR9853289
PRJNA650381,SAMN15702947,SRR12395322
PRJNA353873,SAMN06221366,SRR5181945
PRJNA650381,SAMN15703014,SRR12395241
PRJNA663350,SAMN16130541,SRR12708395
PRJNA353873,SAMN06221246,SRR5182010
PRJNA413593,SAMN09492286,SRR7439412
PRJNA717333,SAMN18498655,SRR14088354
PRJNA824124,SAMN27391453,SRR18665470
PRJNA353873,SAMN06221270,SRR5181992
PRJNA353873,SAMN06221145,SRR5182090
PRJNA353873,SAMN06221417,SRR5181924
PRJNA717333,SAMN18498623,SRR14088389
PRJNA353873,SAMN06221504,SRR5181840
PRJNA353873,SAMN06221237,SRR5182017
PRJNA438921,SAMN09090492,SRR7131066
PRJNA650381,SAMN15703161,SRR12395411
PRJNA650381,SAMN15703058,SRR12395184
PRJNA353873,SAMN06221355,SRR5181950
PRJNA353873,SAMN06221126,SRR5182099
PRJNA717333,SAMN18498620,SRR14088392
PRJNA557083,SAMN12389207,SRR9851457
PRJNA557083,SAMN12389207,SRR9853267
PRJNA650381,SAMN15703110,SRR12395094
PRJNA824124,SAMN27391440,SRR18665433
PRJNA650381,SAMN15703277,SRR12395221
PRJNA650381,SAMN15703118,SRR12395455
PRJNA557083,SAMN12389130,SRR9851536
PRJNA557083,SAMN12389130,SRR9853147
PRJNA557083,SAMN12389278,SRR9851583
PRJNA557083,SAMN12389278,SRR9853239
PRJNA557083,SAMN12389234,SRR9851545
PRJNA557083,SAMN12389234,SRR9853294
PRJNA650381,SAMN15703315,SRR12395179
PRJNA717333,SAMN18498629,SRR14088382
PRJNA353873,SAMN06221387,SRR5181934
PRJNA438921,SAMN09090424,SRR7131119
PRJNA353873,SAMN06221167,SRR5182077
PRJNA650381,SAMN15703297,SRR12395199
PRJNA650381,SAMN15702926,SRR12395081
PRJNA557083,SAMN12389149,SRR9851467
PRJNA557083,SAMN12389149,SRR9853193
PRJNA650381,SAMN15703143,SRR12395428
PRJNA353873,SAMN06221302,SRR5181970
PRJNA353873,SAMN06221169,SRR5182075
PRJNA663350,SAMN16130575,SRR12708397
PRJNA557083,SAMN12389239,SRR9851550
PRJNA557083,SAMN12389239,SRR9853291
PRJNA557083,SAMN12389209,SRR9851455
PRJNA557083,SAMN12389209,SRR9853269
PRJNA557083,SAMN12389136,SRR9851450
PRJNA557083,SAMN12389136,SRR9853247
PRJNA650381,SAMN15703309,SRR12395186
PRJNA650381,SAMN15702961,SRR12395307
PRJNA717333,SAMN18498609,SRR14088395
PRJNA650381,SAMN15703347,SRR12395143
PRJNA557083,SAMN12389264,SRR9851491
PRJNA557083,SAMN12389264,SRR9853258
PRJNA557083,SAMN12389208,SRR9851456
PRJNA557083,SAMN12389208,SRR9853270
PRJNA717333,SAMN18498648,SRR14088362
PRJNA663350,SAMN16130547,SRR12708377
PRJNA557083,SAMN12389282,SRR9851460
PRJNA557083,SAMN12389282,SRR9853227
PRJNA650381,SAMN15703337,SRR12395154
PRJNA650381,SAMN15703326,SRR12395166
PRJNA663350,SAMN16130539,SRR12708417
PRJNA650381,SAMN15703281,SRR12395216
PRJNA650381,SAMN15702941,SRR12395329
PRJNA717333,SAMN18498614,SRR14088352
PRJNA650381,SAMN15703193,SRR12395107
PRJNA353873,SAMN06221046,SRR5182147
PRJNA353873,SAMN06221370,SRR5181943
PRJNA717333,SAMN18498622,SRR14088390
PRJNA650381,SAMN15703089,SRR12395049
PRJNA663350,SAMN16130552,SRR12708372
PRJNA353873,SAMN06221112,SRR5182107
PRJNA824124,SAMN31672557,SRR22248465
PRJNA650381,SAMN15703259,SRR12395281
PRJNA650381,SAMN15703082,SRR12395058
PRJNA650381,SAMN15703200,SRR12395392
PRJNA650381,SAMN15703080,SRR12395060
PRJNA353873,SAMN06221433,SRR5181909
PRJNA650381,SAMN15702960,SRR12395308
PRJNA717333,SAMN18498654,SRR14088355
PRJNA353873,SAMN06221427,SRR5181914
PRJNA650381,SAMN15703087,SRR12395051
PRJNA650381,SAMN15703327,SRR12395165
PRJNA353873,SAMN06221241,SRR5182014
PRJNA353873,SAMN06221042,SRR5182148
PRJNA824124,SAMN31672561,SRR22248491
PRJNA353873,SAMN06221518,SRR5181827
PRJNA663350,SAMN16130540,SRR12708406
PRJNA650381,SAMN15703119,SRR12395454
PRJNA557083,SAMN12389243,SRR9851442
PRJNA557083,SAMN12389243,SRR9853184
PRJNA650381,SAMN15703159,SRR12395414
PRJNA650381,SAMN15703120,SRR12395453
PRJNA650381,SAMN15703178,SRR12395119
PRJNA824124,SAMN31672579,SRR22248472
PRJNA353873,SAMN06221030,SRR5182157
PRJNA663350,SAMN16130563,SRR12708410
PRJNA557083,SAMN12389254,SRR9851427
PRJNA557083,SAMN12389254,SRR9853171
PRJNA824124,SAMN27391454,SRR18665469
PRJNA557083,SAMN12389236,SRR9851547
PRJNA557083,SAMN12389236,SRR9853292
PRJNA650381,SAMN15702945,SRR12395325
PRJNA353873,SAMN06221516,SRR5181829
PRJNA557083,SAMN12389135,SRR9851540
PRJNA557083,SAMN12389135,SRR9853250
PRJNA353873,SAMN06221332,SRR5181960
PRJNA650381,SAMN15702981,SRR12395345
PRJNA650381,SAMN15703220,SRR12395370
PRJNA650381,SAMN15703224,SRR12395364
PRJNA353873,SAMN06221085,SRR5182123
PRJNA557083,SAMN12389277,SRR9851582
PRJNA557083,SAMN12389277,SRR9853242
PRJNA717333,SAMN18498616,SRR14088350
PRJNA650381,SAMN15703094,SRR12395044
PRJNA824124,SAMN27391448,SRR18665476
PRJNA557083,SAMN12389199,SRR9851531
PRJNA557083,SAMN12389199,SRR9853303
PRJNA353873,SAMN06221278,SRR5181988
PRJNA353873,SAMN06221484,SRR5181859
PRJNA353873,SAMN06221460,SRR5181883
PRJNA353873,SAMN06221190,SRR5182059
PRJNA650381,SAMN15703189,SRR12395398
PRJNA650381,SAMN15703232,SRR12395355
PRJNA650381,SAMN15702998,SRR12395457
PRJNA650381,SAMN15703191,SRR12395109
PRJNA557083,SAMN12389150,SRR9851541
PRJNA557083,SAMN12389150,SRR9853192
PRJNA650381,SAMN15703324,SRR12395168
PRJNA650381,SAMN15702973,SRR12395053
PRJNA353873,SAMN06221242,SRR5182013
PRJNA824124,SAMN27391462,SRR18665460
PRJNA353873,SAMN06221424,SRR5181917
PRJNA824124,SAMN31672563,SRR22248489
PRJNA650381,SAMN15703135,SRR12395437
PRJNA557083,SAMN12389271,SRR9851488
PRJNA557083,SAMN12389271,SRR9853263
PRJNA650381,SAMN15703176,SRR12395121
PRJNA353873,SAMN06221496,SRR5181848
PRJNA353873,SAMN06221009,SRR5182171
PRJNA557083,SAMN12389194,SRR9851526
PRJNA557083,SAMN12389194,SRR9853306
PRJNA717333,SAMN18498636,SRR14088375
PRJNA650381,SAMN15702976,SRR12395135
PRJNA650381,SAMN15703174,SRR12395123
PRJNA557083,SAMN12389184,SRR9851426
PRJNA557083,SAMN12389184,SRR9853276
PRJNA557083,SAMN12389179,SRR9851576
PRJNA557083,SAMN12389179,SRR9853210
PRJNA438921,SAMN09090535,SRR7131142
PRJNA557083,SAMN12389272,SRR9851585
PRJNA557083,SAMN12389272,SRR9853237
PRJNA557083,SAMN12389232,SRR9851543
PRJNA557083,SAMN12389232,SRR9853296
PRJNA557083,SAMN12389210,SRR9851464
PRJNA557083,SAMN12389210,SRR9853266
PRJNA353873,SAMN06221522,SRR5181823
PRJNA557083,SAMN12389251,SRR9851439
PRJNA557083,SAMN12389251,SRR9853286
PRJNA557083,SAMN12389183,SRR9851512
PRJNA557083,SAMN12389183,SRR9853277
PRJNA650381,SAMN15703278,SRR12395220
PRJNA353873,SAMN06221434,SRR5181908
PRJNA557083,SAMN12389176,SRR9851573
PRJNA557083,SAMN12389176,SRR9853211
PRJNA353873,SAMN06221368,SRR5181944
PRJNA650381,SAMN15703093,SRR12395045
PRJNA663350,SAMN16130562,SRR12708411
PRJNA353873,SAMN06221393,SRR5181932
PRJNA353873,SAMN06221418,SRR5181923
PRJNA353873,SAMN06221507,SRR5181837
PRJNA650381,SAMN15703096,SRR12395042
PRJNA557083,SAMN12389186,SRR9851435
PRJNA557083,SAMN12389186,SRR9853282
PRJNA353873,SAMN06221213,SRR5182037
PRJNA557083,SAMN12389266,SRR9851521
PRJNA557083,SAMN12389266,SRR9853260
PRJNA663350,SAMN16130560,SRR12708413
PRJNA824124,SAMN27391470,SRR18665452
PRJNA353873,SAMN06221286,SRR5181979
PRJNA353873,SAMN06221010,SRR5182170
PRJNA650381,SAMN15703264,SRR12395275
PRJNA650381,SAMN15703298,SRR12395198
PRJNA650381,SAMN15703165,SRR12395407
PRJNA353873,SAMN06221487,SRR5181856
PRJNA650381,SAMN15703242,SRR12395299
PRJNA650381,SAMN15702944,SRR12395326
PRJNA353873,SAMN06221374,SRR5181940
PRJNA353873,SAMN06221147,SRR5182088
PRJNA663350,SAMN16130568,SRR12708404
PRJNA650381,SAMN15703338,SRR12395153
PRJNA353873,SAMN06221483,SRR5181860
PRJNA557083,SAMN12389151,SRR9851473
PRJNA557083,SAMN12389151,SRR9853191
PRJNA353873,SAMN06221333,SRR5181959
PRJNA650381,SAMN15703169,SRR12395403
PRJNA650381,SAMN15703280,SRR12395218
PRJNA824124,SAMN27391480,SRR18665441
PRJNA650381,SAMN15703104,SRR12395098
PRJNA353873,SAMN06221445,SRR5181898
PRJNA353873,SAMN06221255,SRR5182002
PRJNA557083,SAMN12389192,SRR9851528
PRJNA557083,SAMN12389192,SRR9853304
PRJNA353873,SAMN06221473,SRR5181870
PRJNA557083,SAMN12389202,SRR9851523
PRJNA557083,SAMN12389202,SRR9853272
PRJNA353873,SAMN06221353,SRR5181951
PRJNA650381,SAMN15703325,SRR12395167
PRJNA557083,SAMN12389144,SRR9851472
PRJNA557083,SAMN12389144,SRR9853198
PRJNA650381,SAMN15703154,SRR12395419
PRJNA557083,SAMN12389201,SRR9851525
PRJNA557083,SAMN12389201,SRR9853299
PRJNA557083,SAMN12389174,SRR9851529
PRJNA557083,SAMN12389174,SRR9853205
PRJNA557083,SAMN12389153,SRR9851560
PRJNA557083,SAMN12389153,SRR9853216
PRJNA353873,SAMN06221495,SRR5181849
PRJNA650381,SAMN15702997,SRR12395041
PRJNA353873,SAMN06221450,SRR5181893
PRJNA353873,SAMN06221400,SRR5181928
PRJNA353873,SAMN06221115,SRR5182104
PRJNA353873,SAMN06221442,SRR5181901
PRJNA557083,SAMN12389247,SRR9851446
PRJNA557083,SAMN12389247,SRR9853284
PRJNA650381,SAMN15703261,SRR12395278
PRJNA353873,SAMN06221196,SRR5182054
PRJNA717333,SAMN18498633,SRR14088378
PRJNA557083,SAMN12389263,SRR9851492
PRJNA557083,SAMN12389263,SRR9853255
PRJNA650381,SAMN15703160,SRR12395412
PRJNA353873,SAMN06221197,SRR5182053
PRJNA353873,SAMN06221087,SRR5182121
PRJNA650381,SAMN15703182,SRR12395115
PRJNA353873,SAMN06221185,SRR5182062
PRJNA650381,SAMN15703023,SRR12395391
PRJNA353873,SAMN06221298,SRR5181972
PRJNA650381,SAMN15703090,SRR12395048
PRJNA824124,SAMN27391437,SRR18665439
PRJNA353873,SAMN06221177,SRR5182067
PRJNA353873,SAMN06221225,SRR5182026
PRJNA353873,SAMN06221067,SRR5182134
PRJNA557083,SAMN12389244,SRR9851445
PRJNA557083,SAMN12389244,SRR9853183
PRJNA650381,SAMN15703036,SRR12395161
PRJNA353873,SAMN06221401,SRR5181927
PRJNA353873,SAMN06221039,SRR5182150
PRJNA650381,SAMN15702974,SRR12395369
PRJNA663350,SAMN16130585,SRR12708386
PRJNA650381,SAMN15702924,SRR12395083
PRJNA650381,SAMN15703290,SRR12395207
PRJNA650381,SAMN15703250,SRR12395291
PRJNA353873,SAMN06221493,SRR5181851
PRJNA557083,SAMN12389145,SRR9851471
PRJNA557083,SAMN12389145,SRR9853197
PRJNA557083,SAMN12389221,SRR9851485
PRJNA557083,SAMN12389221,SRR9853202
PRJNA663350,SAMN16130564,SRR12708409
PRJNA650381,SAMN15703173,SRR12395125
PRJNA650381,SAMN15703000,SRR12395446
PRJNA353873,SAMN06221281,SRR5181985
PRJNA650381,SAMN15703310,SRR12395185
PRJNA650381,SAMN15703306,SRR12395189
PRJNA353873,SAMN06221429,SRR5181912
PRJNA353873,SAMN06221420,SRR5181921
PRJNA353873,SAMN06221328,SRR5181962
PRJNA650381,SAMN15703342,SRR12395148
PRJNA650381,SAMN15703152,SRR12395131
PRJNA717333,SAMN18498631,SRR14088380
PRJNA353873,SAMN06221502,SRR5181842
PRJNA650381,SAMN15703085,SRR12395055
PRJNA353873,SAMN06221141,SRR5182091
PRJNA557083,SAMN12389126,SRR9851477
PRJNA557083,SAMN12389126,SRR9853229
PRJNA353873,SAMN06221331,SRR5181961
PRJNA663350,SAMN16130569,SRR12708403
PRJNA650381,SAMN15703323,SRR12395169
PRJNA353873,SAMN06221146,SRR5182089
PRJNA650381,SAMN15703268,SRR12395271
PRJNA353873,SAMN06221461,SRR5181882
PRJNA650381,SAMN15703244,SRR12395297
PRJNA353873,SAMN06221231,SRR5182020
PRJNA650381,SAMN15702968,SRR12395260
PRJNA353873,SAMN06221193,SRR5182057
PRJNA650381,SAMN15703099,SRR12395465
PRJNA353873,SAMN06221157,SRR5182082
PRJNA413593,SAMN09492285,SRR7439413
PRJNA824124,SAMN27391466,SRR18665456
PRJNA353873,SAMN06221091,SRR5182119
PRJNA717333,SAMN18498656,SRR14088353
PRJNA438921,SAMN09090354,SRR7131039
PRJNA717333,SAMN18498643,SRR14088367
PRJNA650381,SAMN15703305,SRR12395190
PRJNA557083,SAMN12389196,SRR9851532
PRJNA557083,SAMN12389196,SRR9853300
PRJNA650381,SAMN15703097,SRR12395467
PRJNA650381,SAMN15703279,SRR12395219
PRJNA650381,SAMN15703211,SRR12395379
PRJNA717333,SAMN18498646,SRR14088364
PRJNA650381,SAMN15703328,SRR12395164
PRJNA650381,SAMN15703026,SRR12395230
PRJNA353873,SAMN06221262,SRR5181996
PRJNA353873,SAMN06221093,SRR5182118
PRJNA353873,SAMN06221219,SRR5182032
PRJNA353873,SAMN06221073,SRR5182130
PRJNA557083,SAMN12389139,SRR9851453
PRJNA557083,SAMN12389139,SRR9853246
PRJNA353873,SAMN06221166,SRR5182078
PRJNA650381,SAMN15702978,SRR12395113
PRJNA353873,SAMN06221053,SRR5182142
PRJNA413593,SAMN08214908,SRR6397654
PRJNA650381,SAMN15703225,SRR12395363
PRJNA353873,SAMN06221076,SRR5182127
PRJNA650381,SAMN15703321,SRR12395171
PRJNA353873,SAMN06221279,SRR5181987
PRJNA438921,SAMN09090383,SRR7131265
PRJNA353873,SAMN06221291,SRR5181975
PRJNA650381,SAMN15703231,SRR12395356
PRJNA557083,SAMN12389132,SRR9851537
PRJNA557083,SAMN12389132,SRR9853251
PRJNA663350,SAMN16130549,SRR12708375
PRJNA650381,SAMN15703053,SRR12395141
PRJNA717333,SAMN18498637,SRR14088374
PRJNA650381,SAMN15703194,SRR12395106
PRJNA650381,SAMN15703133,SRR12395439
PRJNA353873,SAMN06221171,SRR5182074
PRJNA353873,SAMN06221060,SRR5182138
PRJNA663350,SAMN16130572,SRR12708400
PRJNA650381,SAMN15703215,SRR12395375
PRJNA824124,SAMN31672574,SRR22248477
PRJNA557083,SAMN12389275,SRR9851588
PRJNA557083,SAMN12389275,SRR9853236
PRJNA353873,SAMN06221477,SRR5181866
PRJNA353873,SAMN06221439,SRR5181904
PRJNA824124,SAMN31672571,SRR22248480
PRJNA438921,SAMN09090362,SRR7131189
PRJNA824124,SAMN27391461,SRR18665462
PRJNA557083,SAMN12389141,SRR9851535
PRJNA557083,SAMN12389141,SRR9853254
PRJNA650381,SAMN15703044,SRR12395076
PRJNA353873,SAMN06221229,SRR5182022
PRJNA650381,SAMN15703092,SRR12395046
PRJNA353873,SAMN06221508,SRR5181836
PRJNA353873,SAMN06221454,SRR5181889
PRJNA650381,SAMN15703252,SRR12395288
PRJNA557083,SAMN12389175,SRR9851454
PRJNA557083,SAMN12389175,SRR9853206
PRJNA353873,SAMN06221422,SRR5181919
PRJNA557083,SAMN12389274,SRR9851587
PRJNA557083,SAMN12389274,SRR9853235
PRJNA824124,SAMN27391468,SRR18665454
PRJNA663350,SAMN16130557,SRR12708416
PRJNA650381,SAMN15703031,SRR12395225
PRJNA353873,SAMN06221252,SRR5182005
PRJNA650381,SAMN15702940,SRR12395330
PRJNA353873,SAMN06221459,SRR5181884
PRJNA353873,SAMN06221119,SRR5182100
PRJNA650381,SAMN15703212,SRR12395378
PRJNA650381,SAMN15703295,SRR12395201
PRJNA650381,SAMN15703009,SRR12395246
PRJNA353873,SAMN06221050,SRR5182144
PRJNA650381,SAMN15703223,SRR12395365
PRJNA663350,SAMN16130582,SRR12708389
PRJNA650381,SAMN15703286,SRR12395211
PRJNA353873,SAMN06221468,SRR5181875
PRJNA353873,SAMN06221020,SRR5182165
PRJNA650381,SAMN15703345,SRR12395145
PRJNA717333,SAMN18498610,SRR14088394
PRJNA650381,SAMN15703024,SRR12395231
PRJNA717333,SAMN18498644,SRR14088366
PRJNA353873,SAMN06221232,SRR5182019
PRJNA650381,SAMN15703274,SRR12395264
PRJNA353873,SAMN06221217,SRR5182034
PRJNA650381,SAMN15703147,SRR12395425
PRJNA650381,SAMN15703125,SRR12395448
PRJNA650381,SAMN15703129,SRR12395443
PRJNA557083,SAMN12389164,SRR9851503
PRJNA557083,SAMN12389164,SRR9853162
PRJNA650381,SAMN15703136,SRR12395436
PRJNA353873,SAMN06221499,SRR5181845
PRJNA353873,SAMN06221182,SRR5182064
PRJNA353873,SAMN06221138,SRR5182093
PRJNA353873,SAMN06221216,SRR5182035
PRJNA557083,SAMN12389269,SRR9851518
PRJNA557083,SAMN12389269,SRR9853261
PRJNA557083,SAMN12389154,SRR9851557
PRJNA557083,SAMN12389154,SRR9853217
PRJNA557083,SAMN12389211,SRR9851463
PRJNA557083,SAMN12389211,SRR9853265
PRJNA353873,SAMN06221503,SRR5181841
PRJNA650381,SAMN15703055,SRR12395217
PRJNA353873,SAMN06221175,SRR5182069
PRJNA824124,SAMN27391481,SRR18665440
PRJNA557083,SAMN12389215,SRR9851567
PRJNA557083,SAMN12389215,SRR9853223
PRJNA353873,SAMN06221470,SRR5181873
PRJNA353873,SAMN06221265,SRR5181994
PRJNA353873,SAMN06221240,SRR5182015
PRJNA717333,SAMN18498615,SRR14088351
PRJNA353873,SAMN06221200,SRR5182050
PRJNA353873,SAMN06221453,SRR5181890
PRJNA353873,SAMN06221325,SRR5181963
PRJNA650381,SAMN15702962,SRR12395306
PRJNA353873,SAMN06221028,SRR5182159
PRJNA353873,SAMN06221250,SRR5182007
PRJNA353873,SAMN06221114,SRR5182105
PRJNA650381,SAMN15703203,SRR12395388
PRJNA650381,SAMN15703301,SRR12395194
PRJNA557083,SAMN12389182,SRR9851513
PRJNA557083,SAMN12389182,SRR9853278
PRJNA650381,SAMN15703299,SRR12395197
PRJNA557083,SAMN12389189,SRR9851436
PRJNA557083,SAMN12389189,SRR9853279
PRJNA353873,SAMN06221140,SRR5182092
PRJNA650381,SAMN15703128,SRR12395444
PRJNA353873,SAMN06221384,SRR5181936
PRJNA824124,SAMN27391441,SRR18665432
PRJNA557083,SAMN12389158,SRR9851553
PRJNA557083,SAMN12389158,SRR9853221
PRJNA717333,SAMN18498630,SRR14088381
PRJNA824124,SAMN27391455,SRR18665468
PRJNA557083,SAMN12389133,SRR9851538
PRJNA557083,SAMN12389133,SRR9853252
PRJNA650381,SAMN15703114,SRR12395460
PRJNA650381,SAMN15703179,SRR12395118
PRJNA353873,SAMN06221447,SRR5181896
PRJNA650381,SAMN15703317,SRR12395177
PRJNA650381,SAMN15703037,SRR12395150
PRJNA650381,SAMN15703145,SRR12395426
PRJNA650381,SAMN15703341,SRR12395149
PRJNA353873,SAMN06221227,SRR5182024
PRJNA824124,SAMN27391457,SRR18665466
PRJNA650381,SAMN15703228,SRR12395360
PRJNA353873,SAMN06221397,SRR5181930
PRJNA353873,SAMN06221386,SRR5181935
PRJNA650381,SAMN15703057,SRR12395195
PRJNA663350,SAMN16130580,SRR12708391
PRJNA650381,SAMN15703091,SRR12395047
PRJNA353873,SAMN06221517,SRR5181828
PRJNA650381,SAMN15703042,SRR12395078
PRJNA557083,SAMN12389195,SRR9851527
PRJNA557083,SAMN12389195,SRR9853307
PRJNA353873,SAMN06221486,SRR5181857
PRJNA438921,SAMN09090473,SRR7131126
PRJNA650381,SAMN15703187,SRR12395112
PRJNA557083,SAMN12389142,SRR9851470
PRJNA557083,SAMN12389142,SRR9853200
PRJNA650381,SAMN15702983,SRR12395334
PRJNA353873,SAMN06221012,SRR5182168
PRJNA353873,SAMN06221031,SRR5182156
PRJNA824124,SAMN27391460,SRR18665463
PRJNA353873,SAMN06221359,SRR5181947
PRJNA717333,SAMN18498613,SRR14088361
PRJNA353873,SAMN06221152,SRR5182085
PRJNA650381,SAMN15703183,SRR12395114
PRJNA557083,SAMN12389229,SRR9851493
PRJNA557083,SAMN12389229,SRR9853151
PRJNA650381,SAMN15703130,SRR12395442
PRJNA353873,SAMN06221521,SRR5181824
PRJNA824124,SAMN27391456,SRR18665467
PRJNA717333,SAMN18498621,SRR14088391
PRJNA824124,SAMN31672578,SRR22248473
PRJNA353873,SAMN06221449,SRR5181894
PRJNA824124,SAMN31672572,SRR22248479
PRJNA353873,SAMN06221082,SRR5182125
PRJNA650381,SAMN15703196,SRR12395396
PRJNA824124,SAMN27391434,SRR18665472
PRJNA557083,SAMN12389228,SRR9851494
PRJNA557083,SAMN12389228,SRR9853152
PRJNA824124,SAMN31672559,SRR22248463
PRJNA650381,SAMN15703226,SRR12395362
PRJNA650381,SAMN15702993,SRR12395075
PRJNA650381,SAMN15703084,SRR12395056
PRJNA557083,SAMN12389140,SRR9851534
PRJNA557083,SAMN12389140,SRR9853253
PRJNA663350,SAMN16130558,SRR12708415
PRJNA650381,SAMN15703175,SRR12395122
PRJNA650381,SAMN15702932,SRR12395339
PRJNA353873,SAMN06221474,SRR5181869
PRJNA353873,SAMN06221361,SRR5181946
PRJNA557083,SAMN12389230,SRR9851564
PRJNA557083,SAMN12389230,SRR9853146
PRJNA557083,SAMN12389127,SRR9851478
PRJNA557083,SAMN12389127,SRR9853230
PRJNA353873,SAMN06221105,SRR5182112
PRJNA824124,SAMN31672580,SRR22248470
PRJNA557083,SAMN12389224,SRR9851498
PRJNA557083,SAMN12389224,SRR9853156
PRJNA650381,SAMN15703208,SRR12395383
PRJNA353873,SAMN06221128,SRR5182097
PRJNA824124,SAMN27391443,SRR18665481
PRJNA353873,SAMN06221096,SRR5182115
PRJNA353873,SAMN06221514,SRR5181831
PRJNA557083,SAMN12389128,SRR9851479
PRJNA557083,SAMN12389128,SRR9853224
PRJNA650381,SAMN15703098,SRR12395466
PRJNA650381,SAMN15703060,SRR12395070
PRJNA650381,SAMN15703340,SRR12395151
PRJNA353873,SAMN06221467,SRR5181876
PRJNA353873,SAMN06221494,SRR5181850
PRJNA557083,SAMN12389181,SRR9851569
PRJNA557083,SAMN12389181,SRR9853204
PRJNA650381,SAMN15703033,SRR12395380
PRJNA353873,SAMN06221435,SRR5181907
PRJNA557083,SAMN12389177,SRR9851574
PRJNA557083,SAMN12389177,SRR9853212
PRJNA824124,SAMN27391450,SRR18665474
PRJNA650381,SAMN15703054,SRR12395268
PRJNA557083,SAMN12389253,SRR9851430
PRJNA557083,SAMN12389253,SRR9853170
PRJNA353873,SAMN06221035,SRR5182153
PRJNA353873,SAMN06221500,SRR5181844
PRJNA353873,SAMN06221041,SRR5182149
PRJNA557083,SAMN12389260,SRR9851515
PRJNA557083,SAMN12389260,SRR9853177
PRJNA650381,SAMN15703115,SRR12395459
PRJNA650381,SAMN15703045,SRR12395074
PRJNA650381,SAMN15702965,SRR12395347
PRJNA650381,SAMN15703227,SRR12395361
PRJNA650381,SAMN15703204,SRR12395387
PRJNA663350,SAMN16130571,SRR12708401
PRJNA353873,SAMN06221007,SRR5182173
PRJNA650381,SAMN15703202,SRR12395389
PRJNA650381,SAMN15703282,SRR12395215
PRJNA353873,SAMN06221203,SRR5182047
PRJNA353873,SAMN06221149,SRR5182087
PRJNA824124,SAMN27391475,SRR18665446
PRJNA353873,SAMN06221011,SRR5182169
PRJNA650381,SAMN15702943,SRR12395327
PRJNA650381,SAMN15703266,SRR12395273
PRJNA353873,SAMN06221201,SRR5182049
PRJNA663350,SAMN16130567,SRR12708405
PRJNA650381,SAMN15702930,SRR12395341
PRJNA650381,SAMN15703304,SRR12395191
PRJNA353873,SAMN06221432,SRR5181910
PRJNA353873,SAMN06221268,SRR5181993
PRJNA353873,SAMN06221079,SRR5182126
PRJNA650381,SAMN15702992,SRR12395228
PRJNA824124,SAMN31672562,SRR22248490
PRJNA824124,SAMN27391435,SRR18665461
PRJNA663350,SAMN16130551,SRR12708373
PRJNA557083,SAMN12389212,SRR9851441
PRJNA557083,SAMN12389212,SRR9853179
PRJNA557083,SAMN12389143,SRR9851469
PRJNA557083,SAMN12389143,SRR9853199
PRJNA557083,SAMN12389193,SRR9851542
PRJNA557083,SAMN12389193,SRR9853305
PRJNA650381,SAMN15703013,SRR12395242
PRJNA650381,SAMN15703275,SRR12395263
PRJNA650381,SAMN15703155,SRR12395418
PRJNA824124,SAMN27391482,SRR18665438
PRJNA650381,SAMN15703139,SRR12395432
PRJNA650381,SAMN15703206,SRR12395385
PRJNA353873,SAMN06221272,SRR5181990
PRJNA824124,SAMN31672555,SRR22248467
PRJNA650381,SAMN15703234,SRR12395353
PRJNA353873,SAMN06221086,SRR5182122
PRJNA650381,SAMN15703163,SRR12395409
PRJNA717333,SAMN18498651,SRR14088358
PRJNA438921,SAMN09090476,SRR7131137
PRJNA353873,SAMN06221221,SRR5182030
PRJNA717333,SAMN18498641,SRR14088369
PRJNA557083,SAMN12389235,SRR9851546
PRJNA557083,SAMN12389235,SRR9853295
PRJNA650381,SAMN15702939,SRR12395331
PRJNA717333,SAMN18498611,SRR14088383
PRJNA557083,SAMN12389252,SRR9851429
PRJNA557083,SAMN12389252,SRR9853169
PRJNA353873,SAMN06221440,SRR5181903
PRJNA650381,SAMN15703336,SRR12395155
PRJNA650381,SAMN15703294,SRR12395202
PRJNA353873,SAMN06221347,SRR5181954
PRJNA353873,SAMN06221263,SRR5181995
PRJNA413593,SAMN08215176,SRR6397441
PRJNA650381,SAMN15703095,SRR12395043
PRJNA353873,SAMN06221464,SRR5181879
PRJNA824124,SAMN31672570,SRR22248481
PRJNA557083,SAMN12389261,SRR9851516
PRJNA557083,SAMN12389261,SRR9853178
PRJNA650381,SAMN15703083,SRR12395057
PRJNA353873,SAMN06221488,SRR5181855
PRJNA650381,SAMN15703214,SRR12395376
PRJNA353873,SAMN06221024,SRR5182163
PRJNA650381,SAMN15703011,SRR12395244
PRJNA353873,SAMN06221357,SRR5181948
PRJNA353873,SAMN06221116,SRR5182103
PRJNA650381,SAMN15703263,SRR12395276
PRJNA353873,SAMN06221335,SRR5181958
PRJNA557083,SAMN12389227,SRR9851495
PRJNA557083,SAMN12389227,SRR9853149
PRJNA650381,SAMN15703222,SRR12395366
PRJNA353873,SAMN06221194,SRR5182056
PRJNA650381,SAMN15703258,SRR12395282
PRJNA353873,SAMN06221489,SRR5181854
PRJNA717333,SAMN18498640,SRR14088370
PRJNA353873,SAMN06221034,SRR5182154
PRJNA717333,SAMN18498653,SRR14088356
PRJNA557083,SAMN12389191,SRR9851486
PRJNA557083,SAMN12389191,SRR9853283
PRJNA557083,SAMN12389284,SRR9851462
PRJNA557083,SAMN12389284,SRR9853225
PRJNA717333,SAMN18498635,SRR14088376
PRJNA557083,SAMN12389137,SRR9851451
PRJNA557083,SAMN12389137,SRR9853248
PRJNA650381,SAMN15703121,SRR12395452
PRJNA717333,SAMN18498649,SRR14088360
PRJNA650381,SAMN15703022,SRR12395232
PRJNA353873,SAMN06221321,SRR5181966
PRJNA353873,SAMN06221259,SRR5181999
PRJNA353873,SAMN06221095,SRR5182116
PRJNA353873,SAMN06221476,SRR5181867
PRJNA557083,SAMN12389156,SRR9851555
PRJNA557083,SAMN12389156,SRR9853219
PRJNA353873,SAMN06221322,SRR5181965
PRJNA353873,SAMN06221465,SRR5181878
PRJNA650381,SAMN15703039,SRR12395223
PRJNA353873,SAMN06221245,SRR5182011
PRJNA824124,SAMN31672556,SRR22248466
PRJNA717333,SAMN18498647,SRR14088363
PRJNA353873,SAMN06221230,SRR5182021
PRJNA353873,SAMN06221199,SRR5182051
PRJNA557083,SAMN12389170,SRR9851511
PRJNA557083,SAMN12389170,SRR9853158
PRJNA650381,SAMN15703144,SRR12395427
PRJNA824124,SAMN27391445,SRR18665479
PRJNA650381,SAMN15702975,SRR12395173
PRJNA557083,SAMN12389160,SRR9851561
PRJNA557083,SAMN12389160,SRR9853213
PRJNA650381,SAMN15703056,SRR12395206
PRJNA557083,SAMN12389129,SRR9851480
PRJNA557083,SAMN12389129,SRR9853228
PRJNA663350,SAMN16130561,SRR12708412
PRJNA650381,SAMN15703111,SRR12395093
PRJNA650381,SAMN15703021,SRR12395233
PRJNA557083,SAMN12389178,SRR9851575
PRJNA557083,SAMN12389178,SRR9853209
PRJNA557083,SAMN12389206,SRR9851458
PRJNA557083,SAMN12389206,SRR9853268
PRJNA663350,SAMN16130555,SRR12708419
PRJNA557083,SAMN12389214,SRR9851565
PRJNA557083,SAMN12389214,SRR9853181
PRJNA353873,SAMN06221036,SRR5182152
PRJNA717333,SAMN18498628,SRR14088384
PRJNA557083,SAMN12389167,SRR9851508
PRJNA557083,SAMN12389167,SRR9853163
PRJNA663350,SAMN16130584,SRR12708387
PRJNA557083,SAMN12389124,SRR9851483
PRJNA557083,SAMN12389124,SRR9853153
PRJNA650381,SAMN15703237,SRR12395350
PRJNA650381,SAMN15702977,SRR12395124
PRJNA557083,SAMN12389205,SRR9851474
PRJNA557083,SAMN12389205,SRR9853273
PRJNA353873,SAMN06221135,SRR5182095
PRJNA413593,SAMN09492289,SRR7439417
PRJNA824124,SAMN31672554,SRR22248468
PRJNA557083,SAMN12389245,SRR9851444
PRJNA557083,SAMN12389245,SRR9853182
PRJNA353873,SAMN06221344,SRR5181955
PRJNA557083,SAMN12389273,SRR9851586
PRJNA557083,SAMN12389273,SRR9853238
PRJNA663350,SAMN16130538,SRR12708378
PRJNA650381,SAMN15703195,SRR12395397
PRJNA438921,SAMN09090520,SRR7131025
PRJNA557083,SAMN12389233,SRR9851544
PRJNA557083,SAMN12389233,SRR9853297
PRJNA650381,SAMN15703207,SRR12395384
PRJNA353873,SAMN06221437,SRR5181905
PRJNA650381,SAMN15703180,SRR12395117
PRJNA353873,SAMN06221174,SRR5182070
PRJNA353873,SAMN06221064,SRR5182136
PRJNA650381,SAMN15703235,SRR12395352
PRJNA557083,SAMN12389231,SRR9851563
PRJNA557083,SAMN12389231,SRR9853145
PRJNA557083,SAMN12389152,SRR9851559
PRJNA557083,SAMN12389152,SRR9853215
