bioproject,biosample,run,bedaquiline,amikacin,ethambutol
PRJEB58017,SAMEA112188669,ERR10748075,S,R,R
PRJEB58017,SAMEA112188684,ERR10748090,S,S,R
PRJEB58017,SAMEA112188715,ERR10748121,R,R,R
PRJEB58017,SAMEA112188716,ERR10748122,S,R,S
PRJEB58017,SAMEA112188726,ERR10748132,R,R,
PRJEB58017,SAMEA112188727,ERR10748133,S,S,R
PRJEB58017,SAMEA112188740,ERR10748146,S,S,R
PRJEB58017,SAMEA112188762,ERR10748168,R,S,S
PRJEB58017,SAMEA112188763,ERR10748169,S,S,R
PRJEB58017,SAMEA112188764,ERR10748170,S,S,R
PRJEB58017,SAMEA112188765,ERR10748171,S,S,S
PRJEB58017,SAMEA112188768,ERR10748174,S,S,R
PRJEB58017,SAMEA112188770,ERR10748176,S,S,S
PRJEB58017,SAMEA112188771,ERR10748177,S,R,R
PRJEB58017,SAMEA112188772,ERR10748178,S,S,S
PRJEB58017,SAMEA112188773,ERR10748179,S,S,S
PRJEB58017,SAMEA112188775,ERR10748181,R,S,S
PRJEB58017,SAMEA112188776,ERR10748182,S,S,R
PRJEB58017,SAMEA112188777,ERR10748183,S,S,S
PRJEB58017,SAMEA112188778,ERR10748184,S,S,S
PRJEB58017,SAMEA112188779,ERR10748185,S,S,R
PRJEB58017,SAMEA112188780,ERR10748186,S,S,R
PRJEB58017,SAMEA112188781,ERR10748187,S,R,R
PRJEB58017,SAMEA112188782,ERR10748188,S,S,R
PRJEB58017,SAMEA112188783,ERR10748189,S,S,S
PRJEB58017,SAMEA112188784,ERR10748190,S,S,R
PRJEB58017,SAMEA112188786,ERR10748192,S,R,R
PRJEB58017,SAMEA112188787,ERR10748193,S,S,S
PRJEB58017,SAMEA112188788,ERR10748194,S,R,R
PRJEB58017,SAMEA112188789,ERR10748195,S,R,R
PRJEB58017,SAMEA112188790,ERR10748196,S,S,S
PRJEB58017,SAMEA112188791,ERR10748197,S,S,S
PRJEB58017,SAMEA112188792,ERR10748198,R,R,R
PRJEB58017,SAMEA112188793,ERR10748199,S,R,R
PRJEB58017,SAMEA112188795,ERR10748201,S,S,S
PRJEB58017,SAMEA112188797,ERR10748203,S,S,R
PRJEB58017,SAMEA112188798,ERR10748204,S,S,S
PRJEB58017,SAMEA112188800,ERR10748206,S,S,S
PRJEB58017,SAMEA112188801,ERR10748207,R,S,R
PRJEB58017,SAMEA112188802,ERR10748208,S,S,S
PRJEB58017,SAMEA112188803,ERR10748209,S,S,S
PRJEB58017,SAMEA112188805,ERR10748211,S,R,R
PRJEB58017,SAMEA112188806,ERR10748212,S,S,R
PRJEB58017,SAMEA112188807,ERR10748213,S,S,S
PRJEB58017,SAMEA112188808,ERR10748214,R,S,S
PRJEB58017,SAMEA112188809,ERR10748215,S,S,S
PRJEB58017,SAMEA112188810,ERR10748216,S,S,R
PRJEB58017,SAMEA112188812,ERR10748218,R,S,R
PRJEB58017,SAMEA112188813,ERR10748219,S,S,R
PRJEB58017,SAMEA112188815,ERR10748221,S,R,R
PRJEB58017,SAMEA112188816,ERR10748222,S,S,R
PRJEB58017,SAMEA112188817,ERR10748223,R,R,S
PRJEB58017,SAMEA112188818,ERR10748224,S,S,R
PRJEB58017,SAMEA112188819,ERR10748225,S,S,S
PRJEB58017,SAMEA112188820,ERR10748226,S,S,R
PRJEB58017,SAMEA112188821,ERR10748227,S,S,R
PRJEB58017,SAMEA112188822,ERR10748228,S,S,S
PRJEB58017,SAMEA112188823,ERR10748229,S,S,S
PRJEB58017,SAMEA112188824,ERR10748230,S,S,S
PRJEB58017,SAMEA112188825,ERR10748231,S,S,S
PRJEB58017,SAMEA112188826,ERR10748232,S,S,R
PRJEB58017,SAMEA112188827,ERR10748233,S,S,R
PRJEB58017,SAMEA112188828,ERR10748234,S,S,R
PRJEB58017,SAMEA112188830,ERR10748236,S,S,R
PRJEB58017,SAMEA112188831,ERR10748237,S,S,S
PRJEB58017,SAMEA112188832,ERR10748238,R,S,S
PRJEB58017,SAMEA112188833,ERR10748239,S,R,R
PRJEB58017,SAMEA112188834,ERR10748240,S,S,S
PRJEB58017,SAMEA112188835,ERR10748241,S,S,R
PRJEB58017,SAMEA112188836,ERR10748242,S,R,R
PRJEB58017,SAMEA112188837,ERR10748243,S,S,R
PRJEB58017,SAMEA112188838,ERR10748244,S,S,R
PRJEB58017,SAMEA112188840,ERR10748246,S,S,R
PRJEB58017,SAMEA112188841,ERR10748247,S,S,S
PRJEB58017,SAMEA112188842,ERR10748248,S,S,S
PRJEB58017,SAMEA112188843,ERR10748249,R,S,R
PRJEB58017,SAMEA112188844,ERR10748250,R,S,S
PRJEB58017,SAMEA112188845,ERR10748251,S,S,R
PRJEB58017,SAMEA112188846,ERR10748252,S,S,S
PRJEB58017,SAMEA112188847,ERR10748253,S,S,R
PRJEB58017,SAMEA112188848,ERR10748254,S,S,R
PRJEB58017,SAMEA112188849,ERR10748255,S,S,R
PRJEB58017,SAMEA112188850,ERR10748256,R,R,R
PRJEB58017,SAMEA112188851,ERR10748257,S,S,R
PRJEB58017,SAMEA112188853,ERR10748259,S,S,R
PRJEB58017,SAMEA112188854,ERR10748260,S,S,R
PRJEB58017,SAMEA112188855,ERR10748261,S,S,S
PRJEB58017,SAMEA112188856,ERR10748262,S,S,S
PRJEB58017,SAMEA112188857,ERR10748263,S,S,S
PRJEB58017,SAMEA112188858,ERR10748264,S,S,S
PRJEB58017,SAMEA112188859,ERR10748265,S,R,S
PRJEB58017,SAMEA112188860,ERR10748266,S,S,R
PRJEB58017,SAMEA112188863,ERR10748269,S,S,S
PRJEB58017,SAMEA112188864,ERR10748270,S,S,S
PRJEB58017,SAMEA112188865,ERR10748271,R,S,R
PRJEB58017,SAMEA112188866,ERR10748272,S,S,R
PRJEB58017,SAMEA112188867,ERR10748273,S,S,R
PRJEB58017,SAMEA112188869,ERR10748275,S,S,S
PRJEB58017,SAMEA112188871,ERR10748277,S,S,S
PRJEB58017,SAMEA112188872,ERR10748278,S,S,S
PRJEB58017,SAMEA112188873,ERR10748279,S,S,R
PRJEB58017,SAMEA112188876,ERR10748282,S,S,S
PRJEB58017,SAMEA112188877,ERR10748283,S,,
PRJEB58017,SAMEA112188878,ERR10748284,S,S,R
PRJEB58017,SAMEA112188879,ERR10748285,S,S,R
PRJEB58017,SAMEA112188881,ERR10748287,S,S,S
PRJEB58017,SAMEA112188882,ERR10748288,R,S,S
PRJEB58017,SAMEA112188883,ERR10748289,S,S,S
PRJEB58017,SAMEA112188884,ERR10748290,S,S,S
PRJEB58017,SAMEA112188885,ERR10748291,S,S,S
PRJEB58017,SAMEA112188886,ERR10748292,S,S,S
PRJEB58017,SAMEA112188887,ERR10748293,S,S,S
PRJEB58017,SAMEA112188888,ERR10748294,S,S,S
PRJEB58017,SAMEA112188890,ERR10748296,S,S,S
PRJEB58017,SAMEA112188891,ERR10748297,S,R,R
PRJEB58017,SAMEA112188892,ERR10748298,S,S,S
PRJEB58017,SAMEA112188893,ERR10748299,S,S,S
PRJEB58017,SAMEA112188894,ERR10748300,S,S,
PRJEB58017,SAMEA112188895,ERR10748301,S,S,S
PRJEB58017,SAMEA112188896,ERR10748302,S,S,S
PRJEB58017,SAMEA112188897,ERR10748303,S,S,S
PRJEB58017,SAMEA112188898,ERR10748304,S,S,S
PRJEB58017,SAMEA112188899,ERR10748305,S,S,S
PRJEB58017,SAMEA112188900,ERR10748306,S,S,S
PRJEB58017,SAMEA112188901,ERR10748307,S,S,R
PRJEB58017,SAMEA112188902,ERR10748308,S,S,S
PRJEB58017,SAMEA112188903,ERR10748309,S,S,S
PRJEB58017,SAMEA112188905,ERR10748311,S,S,R
PRJEB58017,SAMEA112188906,ERR10748312,S,S,
PRJEB58017,SAMEA112188907,ERR10748313,S,S,S
PRJEB58017,SAMEA112188908,ERR10748314,S,S,S
PRJEB58017,SAMEA112188909,ERR10748315,S,S,R
PRJEB58017,SAMEA112188910,ERR10748316,S,S,R
PRJEB58017,SAMEA112188911,ERR10748317,S,R,R
PRJEB58017,SAMEA112188912,ERR10748318,S,S,R
PRJEB58017,SAMEA112188913,ERR10748319,S,S,R
PRJEB58017,SAMEA112188914,ERR10748320,S,S,R
PRJEB58017,SAMEA112188915,ERR10748321,S,S,S
PRJEB58017,SAMEA112188916,ERR10748322,S,S,S
PRJEB58017,SAMEA112188917,ERR10748323,S,S,S
PRJEB58017,SAMEA112188918,ERR10748324,S,S,S
PRJEB58017,SAMEA112188919,ERR10748325,S,S,S
PRJEB58017,SAMEA112188921,ERR10748327,S,S,R
PRJEB58017,SAMEA112188922,ERR10748328,R,S,R
PRJEB58017,SAMEA112188923,ERR10748329,S,S,S
PRJEB58017,SAMEA112188924,ERR10748330,S,S,R
PRJEB58017,SAMEA112188926,ERR10748332,S,S,R
PRJEB58017,SAMEA112188927,ERR10748333,S,S,R
PRJEB58017,SAMEA112188928,ERR10748334,S,S,R
PRJEB58017,SAMEA112188930,ERR10748336,S,S,S
PRJEB58017,SAMEA112188932,ERR10748338,S,S,S
PRJEB58017,SAMEA112188933,ERR10748339,S,S,S
PRJEB58017,SAMEA112188934,ERR10748340,S,S,R
PRJEB58017,SAMEA112188935,ERR10748341,S,S,S
PRJEB58017,SAMEA112188937,ERR10748343,S,S,S
PRJEB58017,SAMEA112188938,ERR10748344,S,S,R
PRJEB58017,SAMEA112188939,ERR10748345,S,S,S
PRJEB58017,SAMEA112188940,ERR10748346,S,S,R
PRJEB58017,SAMEA112188941,ERR10748347,S,S,S
PRJEB58017,SAMEA112188942,ERR10748348,S,S,S
PRJEB58017,SAMEA112188943,ERR10748349,S,S,S
PRJEB58017,SAMEA112188944,ERR10748350,S,S,S
PRJEB58017,SAMEA112188945,ERR10748351,S,S,R
PRJEB58017,SAMEA112188946,ERR10748352,R,R,R
PRJEB58017,SAMEA112188948,ERR10748354,S,S,S
PRJEB58017,SAMEA112188950,ERR10748356,S,S,S
PRJEB58017,SAMEA112188951,ERR10748357,S,S,S
PRJEB58017,SAMEA112188952,ERR10748358,S,S,S
PRJEB58017,SAMEA112188953,ERR10748359,S,S,R
PRJEB58017,SAMEA112188956,ERR10748362,S,S,S
PRJEB58017,SAMEA112188957,ERR10748363,S,S,S
PRJEB58017,SAMEA112188958,ERR10748364,S,S,S
PRJEB58017,SAMEA112188959,ERR10748365,S,S,S
PRJEB58017,SAMEA112188960,ERR10748366,S,S,S
PRJEB58017,SAMEA112188961,ERR10748367,S,S,S
PRJEB58017,SAMEA112188962,ERR10748368,S,S,S
PRJEB58017,SAMEA112188963,ERR10748369,S,S,S
PRJEB58017,SAMEA112188964,ERR10748370,R,S,S
PRJEB58017,SAMEA112188965,ERR10748371,S,S,S
PRJEB58017,SAMEA112188966,ERR10748372,S,S,S
PRJEB58017,SAMEA112188967,ERR10748373,S,S,S
PRJEB58017,SAMEA112188968,ERR10748374,S,S,S
PRJEB58017,SAMEA112188969,ERR10748375,S,S,S
PRJEB58017,SAMEA112188970,ERR10748376,S,S,S
PRJEB58017,SAMEA112188971,ERR10748377,S,S,S
PRJEB58017,SAMEA112188972,ERR10748378,S,S,S
PRJEB58017,SAMEA112188973,ERR10748379,S,S,R
PRJEB58017,SAMEA112188974,ERR10748380,S,S,R
PRJEB58017,SAMEA112188975,ERR10748381,S,S,S
PRJEB58017,SAMEA112188976,ERR10748382,S,S,S
PRJEB58017,SAMEA112188977,ERR10748383,S,S,S
PRJEB58017,SAMEA112188978,ERR10748384,S,S,R
PRJEB58017,SAMEA112188979,ERR10748385,S,S,R
PRJEB58017,SAMEA112188980,ERR10748386,S,S,S
PRJEB58017,SAMEA112188981,ERR10748387,S,S,S
PRJEB58017,SAMEA112188982,ERR10748388,S,S,S
PRJEB58017,SAMEA112188983,ERR10748389,S,S,R
PRJEB58017,SAMEA112188984,ERR10748390,S,S,S
PRJEB58017,SAMEA112188985,ERR10748391,S,R,R
PRJEB58017,SAMEA112188986,ERR10748392,S,S,S
PRJEB58017,SAMEA112188987,ERR10748393,S,S,S
PRJEB58017,SAMEA112188988,ERR10748394,R,S,S
PRJEB58017,SAMEA112188989,ERR10748395,S,S,S
PRJEB58017,SAMEA112188990,ERR10748396,S,R,S
PRJEB58017,SAMEA112188992,ERR10748398,S,S,R
PRJEB58017,SAMEA112188993,ERR10748399,S,S,S
PRJEB58017,SAMEA112188994,ERR10748400,S,S,S
PRJEB58017,SAMEA112188996,ERR10748402,S,S,S
PRJEB58017,SAMEA112188997,ERR10748403,S,S,R
PRJEB58017,SAMEA112188998,ERR10748404,S,R,S
PRJEB58017,SAMEA112188999,ERR10748405,S,S,S
PRJEB58017,SAMEA112189000,ERR10748406,R,S,S
PRJEB58017,SAMEA112189001,ERR10748407,R,S,S
PRJEB58017,SAMEA112189002,ERR10748408,S,S,R
PRJEB58017,SAMEA112189003,ERR10748409,S,R,R
PRJEB58017,SAMEA112189004,ERR10748410,S,S,S
PRJEB58017,SAMEA112189005,ERR10748411,S,S,S
PRJEB58017,SAMEA112189006,ERR10748412,S,S,S
PRJEB58017,SAMEA112189007,ERR10748413,S,S,S
PRJEB58017,SAMEA112189008,ERR10748414,S,S,R
PRJEB58017,SAMEA112189009,ERR10748415,R,R,R
PRJEB58017,SAMEA112189010,ERR10748416,S,S,R
PRJEB58017,SAMEA112189011,ERR10748417,S,S,S
PRJEB58017,SAMEA112189012,ERR10748418,S,S,S
PRJEB58017,SAMEA112189013,ERR10748419,S,S,R
PRJEB58017,SAMEA112189014,ERR10748420,S,S,S
PRJEB58017,SAMEA112189016,ERR10748422,S,S,R
PRJEB58017,SAMEA112189017,ERR10748423,S,S,R
PRJEB58017,SAMEA112189018,ERR10748424,S,S,R
PRJEB58017,SAMEA112189019,ERR10748425,S,S,S
PRJEB58017,SAMEA112189020,ERR10748426,S,S,R
PRJEB58017,SAMEA112189021,ERR10748427,S,S,R
PRJEB58017,SAMEA112189022,ERR10748428,S,S,S
PRJEB58017,SAMEA112189023,ERR10748429,S,S,R
PRJEB58017,SAMEA112189024,ERR10748430,S,S,S
PRJEB58017,SAMEA112189025,ERR10748431,S,S,S
PRJEB58017,SAMEA112189026,ERR10748432,S,S,R
PRJEB58017,SAMEA112189027,ERR10748433,S,S,S
PRJEB58017,SAMEA112189028,ERR10748434,S,S,R
PRJEB58017,SAMEA112189029,ERR10748435,S,S,R
PRJEB58017,SAMEA112189030,ERR10748436,S,S,R
PRJEB58017,SAMEA112189031,ERR10748437,S,S,S
PRJEB58017,SAMEA112189032,ERR10748438,S,S,S
PRJEB58017,SAMEA112189033,ERR10748439,S,S,S
PRJEB58017,SAMEA112189034,ERR10748440,S,S,S
PRJEB58017,SAMEA112189035,ERR10748441,S,S,S
PRJEB58017,SAMEA112189036,ERR10748442,S,S,S
PRJEB58017,SAMEA112189038,ERR10748444,S,S,R
PRJEB58017,SAMEA112189040,ERR10748446,S,S,S
PRJEB58017,SAMEA112189041,ERR10748447,S,S,S
PRJEB58017,SAMEA112189043,ERR10748449,R,R,S
PRJEB58017,SAMEA112189044,ERR10748450,S,S,S
PRJEB58017,SAMEA112189045,ERR10748451,S,S,R
PRJEB58017,SAMEA112189046,ERR10748452,S,S,R
PRJEB58017,SAMEA112189048,ERR10748454,S,S,R
PRJEB58017,SAMEA112189050,ERR10748456,S,S,R
PRJEB58017,SAMEA112189051,ERR10748457,S,S,S
PRJEB58017,SAMEA112189053,ERR10748459,S,S,S
PRJEB58017,SAMEA112189054,ERR10748460,R,S,R
PRJEB58017,SAMEA112189055,ERR10748461,S,R,S
PRJEB58017,SAMEA112189056,ERR10748462,S,R,R
PRJEB58017,SAMEA112189058,ERR10748464,S,R,S
PRJEB58017,SAMEA112189059,ERR10748465,S,S,S
PRJEB58017,SAMEA112189060,ERR10748466,R,S,R
PRJEB58017,SAMEA112189061,ERR10748467,S,R,R
PRJEB58017,SAMEA112189062,ERR10748468,S,S,R
PRJEB58017,SAMEA112189064,ERR10748470,S,S,R
PRJEB58017,SAMEA112189065,ERR10748471,S,S,S
PRJEB58017,SAMEA112189066,ERR10748472,S,S,S
PRJEB58017,SAMEA112189067,ERR10748473,S,S,S
PRJEB58017,SAMEA112189068,ERR10748474,S,S,R
PRJEB58017,SAMEA112189069,ERR10748475,S,S,R
PRJEB58017,SAMEA112189070,ERR10748476,S,S,S
PRJEB58017,SAMEA112189071,ERR10748477,S,R,R
PRJEB58017,SAMEA112189072,ERR10748478,S,S,S
PRJEB58017,SAMEA112189073,ERR10748479,S,S,R
PRJEB58017,SAMEA112189074,ERR10748480,S,S,R
PRJEB58017,SAMEA112189075,ERR10748481,S,S,S
PRJEB58017,SAMEA112189076,ERR10748482,S,S,
PRJEB58017,SAMEA112189077,ERR10748483,S,S,S
PRJEB58017,SAMEA112189078,ERR10748484,S,S,S
PRJEB58017,SAMEA112189079,ERR10748485,R,S,R
PRJEB58017,SAMEA112189080,ERR10748486,S,S,S
PRJEB58017,SAMEA112189081,ERR10748487,S,S,S
PRJEB58017,SAMEA112189082,ERR10748488,S,S,R
PRJEB58017,SAMEA112189085,ERR10748491,S,S,R
PRJEB58017,SAMEA112189086,ERR10748492,S,S,S
PRJEB58017,SAMEA112189087,ERR10748493,S,S,R
PRJEB58017,SAMEA112189088,ERR10748494,S,S,S
PRJEB58017,SAMEA112189089,ERR10748495,S,S,S
PRJEB58017,SAMEA112189090,ERR10748496,S,S,S
PRJEB58017,SAMEA112189091,ERR10748497,S,S,R
PRJEB58017,SAMEA112189092,ERR10748498,R,S,S
PRJEB58017,SAMEA112189093,ERR10748499,R,R,S
PRJEB58017,SAMEA112189094,ERR10748500,S,S,S
PRJEB58017,SAMEA112189095,ERR10748501,S,S,S
PRJEB58017,SAMEA112189096,ERR10748502,S,S,S
PRJEB58017,SAMEA112189097,ERR10748503,S,S,S
PRJEB58017,SAMEA112189098,ERR10748504,S,S,R
PRJEB58017,SAMEA112189099,ERR10748505,S,S,S
PRJEB58017,SAMEA112189100,ERR10748506,S,S,S
PRJEB58017,SAMEA112189101,ERR10748507,S,S,R
PRJEB58017,SAMEA112189102,ERR10748508,S,S,R
PRJEB58017,SAMEA112189103,ERR10748509,S,S,R
PRJEB58017,SAMEA112189104,ERR10748510,S,S,R
PRJEB58017,SAMEA112189105,ERR10748511,S,S,R
PRJEB58017,SAMEA112189106,ERR10748512,S,R,S
PRJEB58017,SAMEA112189107,ERR10748513,S,S,S
PRJEB58017,SAMEA112189108,ERR10748514,S,S,S
PRJEB58017,SAMEA112189109,ERR10748515,S,S,S
PRJEB58017,SAMEA112189110,ERR10748516,S,S,S
PRJEB58017,SAMEA112189111,ERR10748517,S,S,R
PRJEB58017,SAMEA112189112,ERR10748518,S,S,S
PRJEB58017,SAMEA112189113,ERR10748519,S,S,S
PRJEB58017,SAMEA112189114,ERR10748520,S,S,S
PRJEB58017,SAMEA112189115,ERR10748521,S,S,S
PRJEB58017,SAMEA112189116,ERR10748522,R,S,R
PRJEB58017,SAMEA112189117,ERR10748523,S,S,S
PRJEB58017,SAMEA112189118,ERR10748524,S,S,S
PRJEB58017,SAMEA112189119,ERR10748525,S,S,R
PRJEB58017,SAMEA112189120,ERR10748526,S,S,S
PRJEB58017,SAMEA112189121,ERR10748527,S,S,R
PRJEB58017,SAMEA112189123,ERR10748529,S,S,S
PRJEB58017,SAMEA112189124,ERR10748530,S,S,S
PRJEB58017,SAMEA112189125,ERR10748531,S,S,R
PRJEB58017,SAMEA112189126,ERR10748532,S,S,S
PRJEB58017,SAMEA112189127,ERR10748533,S,S,R
PRJEB58017,SAMEA112189128,ERR10748534,S,S,R
PRJEB58017,SAMEA112189129,ERR10748535,S,S,S
PRJEB58017,SAMEA112189130,ERR10748536,S,S,S
PRJEB58017,SAMEA112189131,ERR10748537,S,S,R
PRJEB58017,SAMEA112189132,ERR10748538,S,S,S
PRJEB58017,SAMEA112189133,ERR10748539,S,S,S
PRJEB58017,SAMEA112189134,ERR10748540,S,S,R
PRJEB58017,SAMEA112189135,ERR10748541,S,S,S
PRJEB58017,SAMEA112189136,ERR10748542,S,S,S
PRJEB58017,SAMEA112189137,ERR10748543,S,S,S
PRJEB58017,SAMEA112189138,ERR10748544,S,S,S
PRJEB58017,SAMEA112189139,ERR10748545,R,S,S
PRJEB58017,SAMEA112189140,ERR10748546,S,S,S
PRJEB58017,SAMEA112189141,ERR10748547,S,S,S
PRJEB58017,SAMEA112189142,ERR10748548,S,S,S
PRJEB58017,SAMEA112189143,ERR10748549,S,S,S
PRJEB58017,SAMEA112189144,ERR10748550,R,S,R
PRJEB58017,SAMEA112189145,ERR10748551,S,S,S
PRJEB58017,SAMEA112189146,ERR10748552,S,S,S
PRJEB58017,SAMEA112189147,ERR10748553,S,S,S
PRJEB58017,SAMEA112189148,ERR10748554,S,S,S
PRJEB58017,SAMEA112189149,ERR10748555,S,S,S
PRJEB58017,SAMEA112189150,ERR10748556,S,S,S
PRJEB58017,SAMEA112189151,ERR10748557,S,S,R
PRJEB58017,SAMEA112189152,ERR10748558,S,S,S
PRJEB58017,SAMEA112189153,ERR10748559,S,S,R
PRJEB58017,SAMEA112189154,ERR10748560,S,S,R
PRJEB58017,SAMEA112189155,ERR10748561,S,S,R
PRJEB58017,SAMEA112189156,ERR10748562,S,S,R
PRJEB58017,SAMEA112189157,ERR10748563,S,S,R
PRJEB58017,SAMEA112189158,ERR10748564,S,R,R
PRJEB58017,SAMEA112189159,ERR10748565,S,S,R
PRJEB58017,SAMEA112189160,ERR10748566,S,S,R
PRJEB58017,SAMEA112189161,ERR10748567,S,S,S
PRJEB58017,SAMEA112189162,ERR10748568,S,S,R
PRJEB58017,SAMEA112189163,ERR10748569,S,S,S
PRJEB58017,SAMEA112189164,ERR10748570,S,S,R
PRJEB58017,SAMEA112189165,ERR10748571,S,S,R
PRJEB58017,SAMEA112189166,ERR10748572,S,S,R
PRJEB58017,SAMEA112189167,ERR10748573,S,S,R
PRJEB58017,SAMEA112189168,ERR10748574,S,S,R
PRJEB58017,SAMEA112189169,ERR10748575,R,S,R
PRJEB58017,SAMEA112189170,ERR10748576,S,S,R
PRJEB58017,SAMEA112189171,ERR10748577,S,S,R
PRJEB41191,SAMEA7541393,ERR4808856,S,,
PRJEB41191,SAMEA7541394,ERR4808857,S,,
PRJEB41191,SAMEA7541395,ERR4808858,S,,
PRJEB41191,SAMEA7541396,ERR4808859,S,,
PRJEB41191,SAMEA7541397,ERR4808860,S,,
PRJEB41191,SAMEA7541398,ERR4808861,S,,
PRJEB41191,SAMEA7541399,ERR4808862,S,,
PRJEB41191,SAMEA7541400,ERR4808863,S,,
PRJEB41191,SAMEA7541401,ERR4808864,S,,
PRJEB41191,SAMEA7541402,ERR4808865,S,,
PRJEB41191,SAMEA7541403,ERR4808866,S,,
PRJEB41191,SAMEA7541404,ERR4808867,S,,
PRJEB41191,SAMEA7541405,ERR4808868,S,,
PRJEB41191,SAMEA7541406,ERR4808869,S,,
PRJEB41191,SAMEA7541407,ERR4808870,S,,
PRJEB41191,SAMEA7541408,ERR4808871,S,,
PRJEB41191,SAMEA7541409,ERR4808872,S,,
PRJEB41191,SAMEA7541410,ERR4808873,S,,
PRJEB41191,SAMEA7541411,ERR4808874,S,,
PRJEB41191,SAMEA7541412,ERR4808875,S,,
PRJEB41191,SAMEA7541413,ERR4808876,S,,
PRJEB41191,SAMEA7541414,ERR4808877,S,,
PRJEB41191,SAMEA7541415,ERR4808878,S,,
PRJEB41191,SAMEA7541416,ERR4808879,S,,
PRJEB41191,SAMEA7541417,ERR4808880,S,,
PRJEB41191,SAMEA7541418,ERR4808881,S,,
PRJEB41191,SAMEA7541419,ERR4808882,S,,
PRJEB41191,SAMEA7541420,ERR4808883,S,,
PRJEB41191,SAMEA7541421,ERR4808884,S,,
PRJEB41191,SAMEA7541422,ERR4808885,S,,
PRJEB41191,SAMEA7541423,ERR4808886,S,,
PRJEB41191,SAMEA7541424,ERR4808887,S,,
PRJEB41191,SAMEA7541425,ERR4808888,S,,
PRJEB41191,SAMEA7541426,ERR4808889,S,,
PRJEB41191,SAMEA7541427,ERR4808890,S,,
PRJEB41191,SAMEA7541428,ERR4808891,S,,
PRJEB41191,SAMEA7541429,ERR4808892,S,,
PRJEB41191,SAMEA7541430,ERR4808893,S,,
PRJEB41191,SAMEA7541431,ERR4808894,S,,
PRJEB41191,SAMEA7541432,ERR4808895,S,,
PRJEB41191,SAMEA7541433,ERR4808896,S,,
PRJEB41191,SAMEA7541434,ERR4808897,S,,
PRJEB41191,SAMEA7541435,ERR4808898,S,,
PRJEB41191,SAMEA7541437,ERR4808900,S,,
PRJEB41191,SAMEA7541438,ERR4808901,S,,
PRJEB41191,SAMEA7541439,ERR4808902,S,,
PRJEB41191,SAMEA7541440,ERR4808903,S,,
PRJEB41191,SAMEA7541441,ERR4808904,S,,
PRJEB41191,SAMEA7541442,ERR4808905,R,,
PRJEB41191,SAMEA7541443,ERR4808906,S,,
PRJEB41191,SAMEA7541444,ERR4808907,S,,
PRJEB41191,SAMEA7541445,ERR4808908,S,,
PRJEB41191,SAMEA7541446,ERR4808909,S,,
PRJEB41191,SAMEA7541447,ERR4808910,S,,
PRJEB41191,SAMEA7541448,ERR4808911,S,,
PRJEB41191,SAMEA7541449,ERR4808912,S,,
PRJEB41191,SAMEA7541450,ERR4808913,S,,
PRJEB41191,SAMEA7541451,ERR4808914,S,,
PRJEB41191,SAMEA7541452,ERR4808915,S,,
PRJEB41191,SAMEA7541453,ERR4808916,S,,
PRJEB41191,SAMEA7541454,ERR4808917,S,,
PRJEB41191,SAMEA7541455,ERR4808918,S,,
PRJEB41191,SAMEA7541456,ERR4808919,S,,
PRJEB41191,SAMEA7541457,ERR4808920,S,,
PRJEB41191,SAMEA7541458,ERR4808921,S,,
PRJEB41191,SAMEA7541459,ERR4808922,S,,
PRJEB41191,SAMEA7541460,ERR4808923,S,,
PRJEB41191,SAMEA7541461,ERR4808924,S,,
PRJEB41191,SAMEA7541462,ERR4808925,S,,
PRJEB41191,SAMEA7541463,ERR4808926,S,,
PRJEB41191,SAMEA7541464,ERR4808927,S,,
PRJEB41191,SAMEA7541465,ERR4808928,S,,
PRJEB41191,SAMEA7541466,ERR4808929,S,,
PRJEB41191,SAMEA7541467,ERR4808930,S,,
PRJEB41191,SAMEA7541468,ERR4808931,S,,
PRJEB41191,SAMEA7541469,ERR4808932,S,,
PRJEB41191,SAMEA7541470,ERR4808933,S,,
PRJEB41191,SAMEA7541471,ERR4808934,S,,
PRJEB41191,SAMEA7541472,ERR4808935,S,,
PRJEB41191,SAMEA7541473,ERR4808936,S,,
PRJEB41191,SAMEA7541474,ERR4808937,S,,
PRJEB41191,SAMEA7541475,ERR4808938,S,,
PRJEB41191,SAMEA7541476,ERR4808939,S,,
PRJEB41191,SAMEA7541477,ERR4808940,S,,
PRJEB41191,SAMEA7541478,ERR4808941,S,,
PRJEB41191,SAMEA7541479,ERR4808942,S,,
PRJEB41191,SAMEA7541480,ERR4808943,S,,
PRJEB41191,SAMEA7541481,ERR4808944,S,,
PRJEB41191,SAMEA7541482,ERR4808945,S,,
PRJEB41191,SAMEA7541483,ERR4808946,S,,
PRJEB41191,SAMEA7541484,ERR4808947,S,,
PRJEB41191,SAMEA7541485,ERR4808948,S,,
PRJEB41191,SAMEA7541487,ERR4808950,S,,
PRJEB41191,SAMEA7541489,ERR4808952,S,,
PRJEB41191,SAMEA7541490,ERR4808953,S,,
PRJEB41191,SAMEA7541491,ERR4808954,S,,
PRJEB41191,SAMEA7541492,ERR4808955,S,,
PRJEB41191,SAMEA7541493,ERR4808956,S,,
PRJEB41191,SAMEA7541495,ERR4808958,S,,
PRJEB41191,SAMEA7541496,ERR4808959,S,,
PRJEB41191,SAMEA7541497,ERR4808960,S,,
PRJEB41191,SAMEA7541498,ERR4808961,S,,
PRJEB41191,SAMEA7541499,ERR4808962,S,,
PRJEB41191,SAMEA7541500,ERR4808963,S,,
PRJEB41191,SAMEA7541502,ERR4808965,S,,
PRJEB41191,SAMEA7541503,ERR4808966,S,,
PRJEB41191,SAMEA7541504,ERR4808967,S,,
PRJEB41191,SAMEA7541505,ERR4808968,S,,
PRJEB41191,SAMEA7541506,ERR4808969,S,,
PRJEB41191,SAMEA7541507,ERR4808970,S,,
PRJEB41191,SAMEA7541508,ERR4808971,S,,
PRJEB41191,SAMEA7541509,ERR4808972,S,,
PRJEB41191,SAMEA7541510,ERR4808973,S,,
PRJEB41191,SAMEA7541511,ERR4808974,S,,
PRJEB41191,SAMEA7541512,ERR4808975,S,,
PRJEB41191,SAMEA7541513,ERR4808976,S,,
PRJEB41191,SAMEA7541514,ERR4808977,S,,
PRJEB41191,SAMEA7541515,ERR4808978,S,,
PRJEB41191,SAMEA7541516,ERR4808979,S,,
PRJEB41191,SAMEA7541517,ERR4808980,S,,
PRJEB41191,SAMEA7541518,ERR4808981,S,,
PRJEB41191,SAMEA7541519,ERR4808982,S,,
PRJEB41191,SAMEA7541520,ERR4808983,S,,
PRJEB41191,SAMEA7541521,ERR4808984,S,,
PRJEB41191,SAMEA7541522,ERR4808985,S,,
PRJEB41191,SAMEA7541523,ERR4808986,S,,
PRJEB41191,SAMEA7541524,ERR4808987,S,,
PRJEB41191,SAMEA7541525,ERR4808988,S,,
PRJEB41191,SAMEA7541526,ERR4808989,S,,
PRJEB41191,SAMEA7541528,ERR4808991,S,,
PRJEB41191,SAMEA7541529,ERR4808992,S,,
PRJEB41191,SAMEA7541530,ERR4808993,S,,
PRJEB41191,SAMEA7541531,ERR4808994,S,,
PRJEB41191,SAMEA7541532,ERR4808995,S,,
PRJEB41191,SAMEA7541533,ERR4808996,S,,
PRJEB41191,SAMEA7541534,ERR4808997,S,,
PRJEB41191,SAMEA7541535,ERR4808998,S,,
PRJEB41191,SAMEA7541536,ERR4808999,S,,
PRJEB41191,SAMEA7541537,ERR4809000,S,,
PRJEB41191,SAMEA7541538,ERR4809001,S,,
PRJEB41191,SAMEA7541539,ERR4809002,S,,
PRJEB41191,SAMEA7541541,ERR4809004,S,,
PRJEB41191,SAMEA7541542,ERR4809005,S,,
PRJEB41191,SAMEA7541543,ERR4809006,S,,
PRJEB41191,SAMEA7541544,ERR4809007,S,,
PRJEB41191,SAMEA7541545,ERR4809008,S,,
PRJEB41191,SAMEA7541546,ERR4809009,S,,
PRJEB41191,SAMEA7541547,ERR4809010,S,,
PRJEB41191,SAMEA7541548,ERR4809011,S,,
PRJEB41191,SAMEA7541549,ERR4809012,S,,
PRJEB41191,SAMEA7541550,ERR4809013,S,,
PRJEB41191,SAMEA7541551,ERR4809014,S,,
PRJEB41191,SAMEA7541552,ERR4809015,S,,
PRJEB41191,SAMEA7541553,ERR4809016,S,,
PRJEB41191,SAMEA7541554,ERR4809017,S,,
PRJEB41191,SAMEA7541555,ERR4809018,S,,
PRJEB41191,SAMEA7541556,ERR4809019,S,,
PRJEB41191,SAMEA7541557,ERR4809020,S,,
PRJEB41191,SAMEA7541558,ERR4809021,S,,
PRJEB41191,SAMEA7541559,ERR4809022,S,,
PRJEB41191,SAMEA7541560,ERR4809023,S,,
PRJEB41191,SAMEA7541561,ERR4809024,S,,
PRJEB41191,SAMEA7541562,ERR4809025,S,,
PRJEB41191,SAMEA7541563,ERR4809026,S,,
PRJEB41191,SAMEA7541564,ERR4809027,S,,
PRJEB41191,SAMEA7541565,ERR4809028,S,,
PRJEB41191,SAMEA7541566,ERR4809029,S,,
PRJEB41191,SAMEA7541567,ERR4809030,S,,
PRJEB41191,SAMEA7541569,ERR4809032,S,,
PRJEB41191,SAMEA7541570,ERR4809033,S,,
PRJEB41191,SAMEA7541571,ERR4809034,S,,
PRJEB41191,SAMEA7541572,ERR4809035,S,,
PRJEB41191,SAMEA7541573,ERR4809036,S,,
PRJEB41191,SAMEA7541574,ERR4809037,S,,
PRJEB41191,SAMEA7541575,ERR4809038,S,,
PRJEB41191,SAMEA7541576,ERR4809039,S,,
PRJEB41191,SAMEA7541577,ERR4809040,S,,
PRJEB41191,SAMEA7541578,ERR4809041,S,,
PRJEB41191,SAMEA7541579,ERR4809042,S,,
PRJEB41191,SAMEA7541580,ERR4809043,S,,
PRJEB41191,SAMEA7541581,ERR4809044,S,,
PRJEB41191,SAMEA7541582,ERR4809045,S,,
PRJEB41191,SAMEA7541583,ERR4809046,S,,
PRJEB41191,SAMEA7541585,ERR4809048,S,,
PRJEB41191,SAMEA7541586,ERR4809049,S,,
PRJEB41191,SAMEA7541588,ERR4809051,S,,
PRJEB41191,SAMEA7541589,ERR4809052,S,,
PRJEB41191,SAMEA7541590,ERR4809053,S,,
PRJEB41191,SAMEA7541591,ERR4809054,S,,
PRJEB41191,SAMEA7541592,ERR4809055,S,,
PRJEB41191,SAMEA7541593,ERR4809056,S,,
PRJEB41191,SAMEA7541594,ERR4809057,S,,
PRJEB41191,SAMEA7541595,ERR4809058,S,,
PRJEB41191,SAMEA7541596,ERR4809059,S,,
PRJEB41191,SAMEA7541597,ERR4809060,S,,
PRJEB41191,SAMEA7541598,ERR4809061,S,,
PRJEB41191,SAMEA7541599,ERR4809062,S,,
PRJEB41191,SAMEA7541600,ERR4809063,R,,
PRJEB41191,SAMEA7541601,ERR4809064,S,,
PRJEB41191,SAMEA7541602,ERR4809065,S,,
PRJEB41191,SAMEA7541604,ERR4809067,S,,
PRJEB41191,SAMEA7541605,ERR4809068,S,,
PRJEB41191,SAMEA7541606,ERR4809069,S,,
PRJEB41191,SAMEA7541607,ERR4809070,S,,
PRJEB41191,SAMEA7541608,ERR4809071,S,,
PRJEB41191,SAMEA7541609,ERR4809072,S,,
PRJEB41191,SAMEA7541610,ERR4809073,S,,
PRJEB41191,SAMEA7541611,ERR4809074,S,,
PRJEB41191,SAMEA7541612,ERR4809075,S,,
PRJEB41191,SAMEA7541613,ERR4809076,S,,
PRJEB41191,SAMEA7541614,ERR4809077,S,,
PRJEB41191,SAMEA7541615,ERR4809078,S,,
PRJEB41191,SAMEA7541616,ERR4809079,S,,
PRJEB41191,SAMEA7541617,ERR4809080,S,,
PRJEB41191,SAMEA7541618,ERR4809081,S,,
PRJEB41191,SAMEA7541619,ERR4809082,S,,
PRJEB41191,SAMEA7541620,ERR4809083,S,,
PRJEB41191,SAMEA7541621,ERR4809084,S,,
PRJEB41191,SAMEA7541622,ERR4809085,S,,
PRJEB41191,SAMEA7541623,ERR4809086,S,,
PRJEB41191,SAMEA7541624,ERR4809087,S,,
PRJEB41191,SAMEA7541625,ERR4809088,S,,
PRJEB41191,SAMEA7541626,ERR4809089,S,,
PRJEB41191,SAMEA7541627,ERR4809090,S,,
PRJEB41191,SAMEA7541628,ERR4809091,S,,
PRJEB41191,SAMEA7541629,ERR4809092,S,,
PRJEB41191,SAMEA7541630,ERR4809093,S,,
PRJEB41191,SAMEA7541631,ERR4809094,S,,
PRJEB41191,SAMEA7541632,ERR4809095,S,,
PRJEB41191,SAMEA7541633,ERR4809096,S,,
PRJEB41191,SAMEA7541634,ERR4809097,S,,
PRJEB41191,SAMEA7541635,ERR4809098,S,,
PRJEB41191,SAMEA7541636,ERR4809099,S,,
PRJEB41191,SAMEA7541637,ERR4809100,S,,
PRJEB41191,SAMEA7541638,ERR4809101,S,,
PRJEB41191,SAMEA7541639,ERR4809102,S,,
PRJEB41191,SAMEA7541640,ERR4809103,S,,
PRJEB41191,SAMEA7541641,ERR4809104,S,,
PRJEB41191,SAMEA7541642,ERR4809105,S,,
PRJEB41191,SAMEA7541643,ERR4809106,S,,
PRJEB41191,SAMEA7541644,ERR4809107,S,,
PRJEB41191,SAMEA7541645,ERR4809108,S,,
PRJEB41191,SAMEA7541646,ERR4809109,S,,
PRJEB41191,SAMEA7541647,ERR4809110,S,,
PRJEB41191,SAMEA7541648,ERR4809111,S,,
PRJEB41191,SAMEA7541649,ERR4809112,S,,
PRJEB41191,SAMEA7541650,ERR4809113,S,,
PRJEB41191,SAMEA7541651,ERR4809114,S,,
PRJEB41191,SAMEA7541652,ERR4809115,S,,
PRJEB41191,SAMEA7541653,ERR4809116,S,,
PRJEB41191,SAMEA7541654,ERR4809117,S,,
PRJEB41191,SAMEA7541655,ERR4809118,S,,
PRJEB41191,SAMEA7541656,ERR4809119,S,,
PRJEB41191,SAMEA7541657,ERR4809120,S,,
PRJEB41191,SAMEA7541658,ERR4809121,S,,
PRJEB41191,SAMEA7541659,ERR4809122,S,,
PRJEB41191,SAMEA7541660,ERR4809123,S,,
PRJEB41191,SAMEA7541661,ERR4809124,S,,
PRJEB41191,SAMEA7541662,ERR4809125,S,,
PRJEB41191,SAMEA7541663,ERR4809126,S,,
PRJEB41191,SAMEA7541664,ERR4809127,S,,
PRJEB41191,SAMEA7541665,ERR4809128,S,,
PRJEB41191,SAMEA7541666,ERR4809129,S,,
PRJEB41191,SAMEA7541667,ERR4809130,S,,
PRJEB41191,SAMEA7541669,ERR4809131,S,,
PRJEB41191,SAMEA7541670,ERR4809132,S,,
PRJEB41191,SAMEA7541671,ERR4809133,S,,
PRJEB41191,SAMEA7541672,ERR4809134,S,,
PRJEB41191,SAMEA7541673,ERR4809135,S,,
PRJEB41191,SAMEA7541676,ERR4809138,S,,
PRJEB41191,SAMEA7541677,ERR4809139,S,,
PRJEB41191,SAMEA7541678,ERR4809140,S,,
PRJEB41191,SAMEA7541679,ERR4809141,S,,
PRJEB41191,SAMEA7541680,ERR4809142,S,,
PRJEB41191,SAMEA7541681,ERR4809143,S,,
PRJEB41191,SAMEA7541682,ERR4809144,S,,
PRJEB41191,SAMEA7541683,ERR4809145,S,,
PRJEB41191,SAMEA7541684,ERR4809146,S,,
PRJEB41191,SAMEA7541686,ERR4809148,S,,
PRJEB41191,SAMEA7541687,ERR4809149,S,,
PRJEB41191,SAMEA7541688,ERR4809150,S,,
PRJEB41191,SAMEA7541689,ERR4809151,S,,
PRJEB41191,SAMEA7541690,ERR4809152,S,,
PRJEB41191,SAMEA7541691,ERR4809153,S,,
PRJEB41191,SAMEA7541692,ERR4809154,S,,
PRJEB41191,SAMEA7541694,ERR4809156,S,,
PRJEB41191,SAMEA7541695,ERR4809157,S,,
PRJEB41191,SAMEA7541696,ERR4809158,S,,
PRJEB41191,SAMEA7541697,ERR4809159,S,,
PRJEB41191,SAMEA7541698,ERR4809160,S,,
PRJEB41191,SAMEA7541699,ERR4809161,S,,
PRJEB41191,SAMEA7541700,ERR4809162,S,,
PRJEB41191,SAMEA7541701,ERR4809163,S,,
PRJEB41191,SAMEA7541703,ERR4809165,S,,
PRJEB41191,SAMEA7541704,ERR4809166,S,,
PRJEB41191,SAMEA7541705,ERR4809167,S,,
PRJEB41191,SAMEA7541706,ERR4809168,S,,
PRJEB41191,SAMEA7541707,ERR4809169,S,,
PRJEB41191,SAMEA7541708,ERR4809170,S,,
PRJEB41191,SAMEA7541709,ERR4809171,S,,
PRJEB41191,SAMEA7541710,ERR4809172,S,,
PRJEB41191,SAMEA7541711,ERR4809173,S,,
PRJEB41191,SAMEA7541713,ERR4809175,S,,
PRJEB41191,SAMEA7541714,ERR4809176,S,,
PRJEB41191,SAMEA7541715,ERR4809177,S,,
PRJEB41191,SAMEA7541716,ERR4809178,S,,
PRJEB41191,SAMEA7541717,ERR4809179,S,,
PRJEB41191,SAMEA7541718,ERR4809180,S,,
PRJEB41191,SAMEA7541719,ERR4809181,S,,
PRJEB41191,SAMEA7541720,ERR4809182,S,,
PRJEB41191,SAMEA7541721,ERR4809183,S,,
PRJEB41191,SAMEA7541722,ERR4809184,S,,
PRJEB41191,SAMEA7541723,ERR4809185,S,,
PRJEB41191,SAMEA7541724,ERR4809186,S,,
PRJEB41191,SAMEA7541725,ERR4809187,S,,
PRJEB41191,SAMEA7541726,ERR4809188,S,,
PRJEB41191,SAMEA7541727,ERR4809189,S,,
PRJEB41191,SAMEA7541728,ERR4809190,S,,
PRJEB41191,SAMEA7541729,ERR4809191,S,,
PRJEB41191,SAMEA7541731,ERR4809193,S,,
PRJEB41191,SAMEA7541733,ERR4809195,S,,
PRJEB41191,SAMEA7541734,ERR4809196,S,,
PRJEB41191,SAMEA7541735,ERR4809197,S,,
PRJEB41191,SAMEA7541736,ERR4809198,S,,
PRJEB41191,SAMEA7541737,ERR4809199,S,,
PRJEB41191,SAMEA7541738,ERR4809200,S,,
PRJEB41191,SAMEA7541739,ERR4809201,S,,
PRJEB41191,SAMEA7541740,ERR4809202,S,,
PRJEB41191,SAMEA7541741,ERR4809203,S,,
PRJEB41191,SAMEA7541742,ERR4809204,S,,
PRJEB41191,SAMEA7541743,ERR4809205,S,,
PRJEB41191,SAMEA7541744,ERR4809206,S,,
PRJEB41191,SAMEA7541745,ERR4809207,S,,
PRJEB41191,SAMEA7541746,ERR4809208,S,,
PRJEB41191,SAMEA7541747,ERR4809209,S,,
PRJEB41191,SAMEA7541748,ERR4809210,S,,
PRJEB41191,SAMEA7541749,ERR4809211,S,,
PRJEB41191,SAMEA7541750,ERR4809212,S,,
PRJEB41191,SAMEA7541751,ERR4809213,S,,
PRJEB41191,SAMEA7541752,ERR4809214,S,,
PRJEB41191,SAMEA7541753,ERR4809215,S,,
PRJEB41191,SAMEA7541754,ERR4809216,S,,
PRJEB41191,SAMEA7541755,ERR4809217,S,,
PRJEB41191,SAMEA7541756,ERR4809218,S,,
PRJEB41191,SAMEA7541757,ERR4809219,S,,
PRJEB41191,SAMEA7541759,ERR4809221,S,,
PRJEB41191,SAMEA7541760,ERR4809222,S,,
PRJEB41191,SAMEA7541761,ERR4809223,S,,
PRJEB41191,SAMEA7541762,ERR4809224,S,,
PRJEB41191,SAMEA7541763,ERR4809225,S,,
PRJEB41191,SAMEA7541764,ERR4809226,S,,
PRJEB41191,SAMEA7541765,ERR4809227,S,,
PRJEB41191,SAMEA7541766,ERR4809228,S,,
PRJEB41191,SAMEA7541767,ERR4809229,S,,
PRJEB41191,SAMEA7541768,ERR4809230,S,,
PRJEB41191,SAMEA7541769,ERR4809231,S,,
PRJEB41191,SAMEA7541772,ERR4809234,S,,
PRJEB41191,SAMEA7541773,ERR4809235,S,,
PRJEB41191,SAMEA7541774,ERR4809236,S,,
PRJEB41191,SAMEA7541775,ERR4809237,S,,
PRJEB41191,SAMEA7541776,ERR4809238,S,,
PRJEB41191,SAMEA7541777,ERR4809239,S,,
PRJEB41191,SAMEA7541778,ERR4809240,R,,
PRJEB41191,SAMEA7541779,ERR4809241,S,,
PRJEB41191,SAMEA7541780,ERR4809242,S,,
PRJEB41191,SAMEA7541781,ERR4809243,S,,
PRJEB41191,SAMEA7541782,ERR4809244,S,,
PRJEB41191,SAMEA7541783,ERR4809245,S,,
PRJEB41191,SAMEA7541784,ERR4809246,S,,
PRJEB41191,SAMEA7541785,ERR4809247,S,,
PRJEB41191,SAMEA7541786,ERR4809248,S,,
PRJEB41191,SAMEA7541788,ERR4809250,S,,
PRJEB41191,SAMEA7541789,ERR4809251,S,,
PRJEB41191,SAMEA7541790,ERR4809252,S,,
PRJEB41191,SAMEA7541792,ERR4809254,S,,
PRJEB41191,SAMEA7541793,ERR4809255,S,,
PRJEB41191,SAMEA7541794,ERR4809256,S,,
PRJEB41191,SAMEA7541795,ERR4809257,S,,
PRJEB41191,SAMEA7541796,ERR4809258,S,,
PRJEB41191,SAMEA7541797,ERR4809259,S,,
PRJEB41191,SAMEA7541798,ERR4809260,S,,
PRJEB41191,SAMEA7541799,ERR4809261,S,,
PRJEB41191,SAMEA7541800,ERR4809262,S,,
PRJEB41191,SAMEA7541801,ERR4809263,S,,
PRJEB41191,SAMEA7541802,ERR4809264,S,,
PRJEB41191,SAMEA7541803,ERR4809265,S,,
PRJEB41191,SAMEA7541804,ERR4809266,S,,
PRJEB41191,SAMEA7541805,ERR4809267,S,,
PRJEB41191,SAMEA7541806,ERR4809268,S,,
PRJEB41191,SAMEA7541807,ERR4809269,S,,
PRJEB41191,SAMEA7541808,ERR4809270,S,,
PRJEB41191,SAMEA7541809,ERR4809271,S,,
PRJEB41191,SAMEA7541810,ERR4809272,S,,
PRJEB41191,SAMEA7541812,ERR4809274,S,,
PRJEB41191,SAMEA7541813,ERR4809275,S,,
PRJEB41191,SAMEA7541814,ERR4809276,S,,
PRJEB41191,SAMEA7541815,ERR4809277,S,,
PRJEB41191,SAMEA7541816,ERR4809278,S,,
PRJEB41191,SAMEA7541817,ERR4809279,S,,
PRJEB41191,SAMEA7541818,ERR4809280,S,,
PRJEB41191,SAMEA7541819,ERR4809281,S,,
PRJEB41191,SAMEA7541820,ERR4809282,S,,
PRJEB41191,SAMEA7541821,ERR4809283,S,,
PRJEB41191,SAMEA7541822,ERR4809284,S,,
PRJEB41191,SAMEA7541823,ERR4809285,S,,
PRJEB41191,SAMEA7541824,ERR4809286,S,,
PRJEB41191,SAMEA7541825,ERR4809287,S,,
PRJEB41191,SAMEA7541826,ERR4809288,S,,
PRJEB41191,SAMEA7541827,ERR4809289,S,,
PRJEB41191,SAMEA7541828,ERR4809290,S,,
PRJEB41191,SAMEA7541829,ERR4809291,S,,
PRJEB41191,SAMEA7541830,ERR4809292,S,,
PRJEB41191,SAMEA7541831,ERR4809293,S,,
PRJEB41191,SAMEA7541832,ERR4809294,S,,
PRJEB41191,SAMEA7541833,ERR4809295,S,,
PRJEB41191,SAMEA7541834,ERR4809296,S,,
PRJEB41191,SAMEA7541835,ERR4809297,S,,
PRJEB41191,SAMEA7541836,ERR4809298,S,,
PRJEB41191,SAMEA7541837,ERR4809299,S,,
PRJEB41191,SAMEA7541838,ERR4809300,S,,
PRJEB41191,SAMEA7541839,ERR4809301,S,,
PRJEB41191,SAMEA7541840,ERR4809302,S,,
PRJEB41191,SAMEA7541841,ERR4809303,S,,
PRJEB41191,SAMEA7541842,ERR4809304,S,,
PRJEB41191,SAMEA7541843,ERR4809305,S,,
PRJEB41191,SAMEA7541844,ERR4809306,S,,
PRJEB41191,SAMEA7541845,ERR4809307,S,,
PRJEB41191,SAMEA7541846,ERR4809308,S,,
PRJEB41191,SAMEA7541847,ERR4809309,S,,
PRJEB41191,SAMEA7541848,ERR4809310,S,,
PRJEB41191,SAMEA7541849,ERR4809311,S,,
PRJEB41191,SAMEA7541850,ERR4809312,S,,
PRJEB41191,SAMEA7541851,ERR4809313,S,,
PRJEB41191,SAMEA7541852,ERR4809314,S,,
PRJEB41191,SAMEA7541853,ERR4809315,S,,
PRJEB41191,SAMEA7541854,ERR4809316,S,,
PRJEB41191,SAMEA7541855,ERR4809317,S,,
PRJEB41191,SAMEA7541856,ERR4809318,S,,
PRJEB41191,SAMEA7541857,ERR4809319,S,,
PRJEB41191,SAMEA7541858,ERR4809320,S,,
PRJEB41191,SAMEA7541859,ERR4809321,S,,
PRJEB41191,SAMEA7541860,ERR4809322,S,,
PRJEB41191,SAMEA7541861,ERR4809323,S,,
PRJEB41191,SAMEA7541862,ERR4809324,S,,
PRJEB41191,SAMEA7541863,ERR4809325,S,,
PRJEB41191,SAMEA7541864,ERR4809326,S,,
PRJEB41191,SAMEA7541865,ERR4809327,S,,
PRJEB41191,SAMEA7541866,ERR4809328,S,,
PRJEB41191,SAMEA7541867,ERR4809329,S,,
PRJEB41191,SAMEA7541868,ERR4809330,S,,
PRJEB41191,SAMEA7541869,ERR4809331,S,,
PRJEB41191,SAMEA7541870,ERR4809332,S,,
PRJEB41191,SAMEA7541872,ERR4809334,S,,
PRJEB41191,SAMEA7541873,ERR4809335,S,,
PRJEB41191,SAMEA7541874,ERR4809336,S,,
PRJEB41191,SAMEA7541875,ERR4809337,S,,
PRJEB41191,SAMEA7541876,ERR4809338,S,,
PRJEB41191,SAMEA7541877,ERR4809339,S,,
PRJEB41191,SAMEA7541878,ERR4809340,S,,
PRJEB41191,SAMEA7541879,ERR4809341,R,,
PRJEB41191,SAMEA7541880,ERR4809342,S,,
PRJEB41191,SAMEA7541881,ERR4809343,S,,
PRJEB41191,SAMEA7541882,ERR4809344,S,,
PRJEB41191,SAMEA7541883,ERR4809345,S,,
PRJEB41191,SAMEA7541884,ERR4809346,S,,
PRJEB41191,SAMEA7541885,ERR4809347,S,,
PRJEB41191,SAMEA7541886,ERR4809348,S,,
PRJEB41191,SAMEA7541887,ERR4809349,S,,
PRJEB41191,SAMEA7541888,ERR4809350,S,,
PRJEB41191,SAMEA7541889,ERR4809351,S,,
PRJEB41191,SAMEA7541890,ERR4809352,S,,
PRJEB41191,SAMEA7541891,ERR4809353,S,,
PRJEB41191,SAMEA7541892,ERR4809354,S,,
PRJEB41191,SAMEA7541893,ERR4809355,S,,
PRJEB41191,SAMEA7541894,ERR4809356,S,,
PRJEB41191,SAMEA7541895,ERR4809357,S,,
PRJEB41191,SAMEA7541896,ERR4809358,S,,
PRJEB41191,SAMEA7541897,ERR4809359,S,,
PRJEB41248,SAMEA7562909,ERR4830469,S,,
PRJEB41248,SAMEA7562910,ERR4830470,S,,
PRJEB41248,SAMEA7562911,ERR4830471,S,,
PRJEB41248,SAMEA7562913,ERR4830473,S,,
PRJEB41248,SAMEA7562915,ERR4830475,S,,
PRJEB41248,SAMEA7562916,ERR4830476,S,,
PRJEB41248,SAMEA7562917,ERR4830477,S,,
PRJEB41248,SAMEA7562920,ERR4830480,S,,
PRJEB41248,SAMEA7562921,ERR4830481,S,,
PRJEB41248,SAMEA7562922,ERR4830482,S,,
PRJEB41248,SAMEA7562923,ERR4830483,S,,
PRJEB41248,SAMEA7562924,ERR4830484,S,,
PRJEB41248,SAMEA7562925,ERR4830485,S,,
PRJEB41248,SAMEA7562926,ERR4830486,S,,
PRJEB41248,SAMEA7562929,ERR4830489,S,,
PRJEB41248,SAMEA7562930,ERR4830490,S,,
PRJEB41248,SAMEA7562931,ERR4830491,S,,
PRJEB41248,SAMEA7562932,ERR4830492,S,,
PRJEB41248,SAMEA7562934,ERR4830494,S,,
PRJEB41248,SAMEA7562936,ERR4830496,S,,
PRJEB41248,SAMEA7562937,ERR4830497,S,,
PRJEB41248,SAMEA7562939,ERR4830499,S,,
PRJEB41248,SAMEA7562940,ERR4830500,S,,
PRJEB41248,SAMEA7562943,ERR4830503,S,,
PRJEB41248,SAMEA7562946,ERR4830506,S,,
PRJEB41248,SAMEA7562947,ERR4830507,S,,
PRJEB41248,SAMEA7562948,ERR4830508,S,,
PRJEB41248,SAMEA7562950,ERR4830510,S,,
PRJEB41248,SAMEA7562951,ERR4830511,S,,
PRJEB41248,SAMEA7562952,ERR4830512,S,,
PRJEB41248,SAMEA7562953,ERR4830513,S,,
PRJEB41248,SAMEA7562954,ERR4830514,S,,
PRJEB41248,SAMEA7562955,ERR4830515,S,,
PRJEB41248,SAMEA7562956,ERR4830516,S,,
PRJEB41248,SAMEA7562957,ERR4830517,S,,
PRJEB41248,SAMEA7562958,ERR4830518,S,,
PRJEB41248,SAMEA7562961,ERR4830521,S,,
PRJEB41248,SAMEA7562962,ERR4830522,S,,
PRJEB41248,SAMEA7562963,ERR4830523,S,,
PRJEB41248,SAMEA7562964,ERR4830524,S,,
PRJEB41248,SAMEA7562965,ERR4830525,S,,
PRJEB41248,SAMEA7562966,ERR4830526,S,,
PRJEB41248,SAMEA7562967,ERR4830527,S,,
PRJEB41248,SAMEA7562968,ERR4830528,S,,
PRJEB41248,SAMEA7562969,ERR4830529,S,,
PRJEB41248,SAMEA7562970,ERR4830530,S,,
PRJEB41248,SAMEA7562971,ERR4830531,S,,
PRJEB41248,SAMEA7562972,ERR4830532,S,,
PRJEB41248,SAMEA7562973,ERR4830533,S,,
PRJEB41248,SAMEA7562974,ERR4830534,S,,
PRJEB41248,SAMEA7562975,ERR4830535,S,,
PRJEB41248,SAMEA7562976,ERR4830536,S,,
PRJEB41253,SAMEA7562996,ERR4830556,S,,
PRJEB41254,SAMEA7562997,ERR4830557,S,,
PRJEB41255,SAMEA7562998,ERR4830558,S,,
PRJEB41256,SAMEA7562999,ERR4830559,S,,
PRJEB41257,SAMEA7563000,ERR4830560,S,,
PRJEB41258,SAMEA7563001,ERR4830561,R,,
PRJEB41259,SAMEA7563002,ERR4830562,S,,
PRJEB41260,SAMEA7563003,ERR4830563,S,,
PRJEB41261,SAMEA7563004,ERR4830564,S,,
PRJEB41262,SAMEA7563005,ERR4830565,S,,
PRJEB41263,SAMEA7563006,ERR4830566,S,,
PRJEB41264,SAMEA7563007,ERR4830567,S,,
PRJEB41265,SAMEA7563008,ERR4830568,S,,
PRJEB44577,SAMEA8718252,ERR8975000,S,,
PRJEB44577,SAMEA8718253,ERR8975001,S,,
PRJEB44577,SAMEA8718255,ERR8975003,S,,
PRJEB44577,SAMEA8718256,ERR8975004,S,,
PRJEB44577,SAMEA8718257,ERR8975005,S,,
PRJEB44577,SAMEA8718258,ERR8975006,S,,
PRJEB44577,SAMEA8718259,ERR8975007,S,,
PRJEB44577,SAMEA8718260,ERR8975008,S,,
PRJEB44577,SAMEA8718261,ERR8975009,S,,
PRJEB44577,SAMEA8718262,ERR8975010,S,,
PRJEB44577,SAMEA8718263,ERR8975011,S,,
PRJEB44577,SAMEA8718264,ERR8975012,S,,
PRJEB44577,SAMEA8718265,ERR8975013,S,,
PRJEB44577,SAMEA8718266,ERR8975014,S,,
PRJEB44577,SAMEA8718267,ERR8975015,S,,
PRJEB44577,SAMEA8718268,ERR8975016,S,,
PRJEB44577,SAMEA8718269,ERR8975017,R,,
PRJEB44577,SAMEA8718270,ERR8975018,S,,
PRJEB44577,SAMEA8718271,ERR8975019,S,,
PRJEB44577,SAMEA8718272,ERR8975020,S,,
PRJEB44577,SAMEA8718273,ERR8975021,S,,
PRJEB44577,SAMEA8718274,ERR8975022,S,,
PRJEB44577,SAMEA8718275,ERR8975023,S,,
PRJEB44577,SAMEA8718276,ERR8975024,S,,
PRJEB44577,SAMEA8718277,ERR8975025,S,,
PRJEB44577,SAMEA8718279,ERR8975027,S,,
PRJEB44577,SAMEA8718280,ERR8975028,S,,
PRJEB44577,SAMEA8718281,ERR8975029,S,,
PRJEB44577,SAMEA8718282,ERR8975030,S,,
PRJEB44577,SAMEA8718283,ERR8975031,S,,
PRJEB44577,SAMEA8718284,ERR8975032,S,,
PRJEB44577,SAMEA8718285,ERR8975033,S,,
PRJEB44577,SAMEA8718286,ERR8975034,S,,
PRJEB44577,SAMEA8718287,ERR8975035,S,,
PRJEB44577,SAMEA8718288,ERR8975036,S,,
PRJEB44577,SAMEA8718289,ERR8975037,S,,
PRJEB44577,SAMEA8718290,ERR8975038,S,,
PRJEB44577,SAMEA8718291,ERR8975039,S,,
PRJEB44577,SAMEA8718292,ERR8975040,S,,
PRJEB44577,SAMEA8718293,ERR8975041,S,,
PRJEB44577,SAMEA8718294,ERR8975042,S,,
PRJEB44577,SAMEA8718295,ERR8975043,S,,
PRJEB44577,SAMEA8718297,ERR8975046,S,,
PRJEB44577,SAMEA8718298,ERR8975047,S,,
PRJEB44577,SAMEA8718299,ERR8975048,S,,
PRJEB44577,SAMEA8718300,ERR8975049,S,,
PRJEB44577,SAMEA8718301,ERR8975050,S,,
PRJEB44577,SAMEA8718302,ERR8975051,S,,
PRJEB44577,SAMEA8718303,ERR8975053,S,,
PRJEB44577,SAMEA8718305,ERR8975054,S,,
PRJEB44577,SAMEA8718306,ERR8975055,S,,
PRJEB44577,SAMEA8718307,ERR8975056,S,,
PRJEB44577,SAMEA8718308,ERR8975057,S,,
PRJEB44577,SAMEA8718309,ERR8975058,S,,
PRJEB44577,SAMEA8718310,ERR8975059,S,,
PRJEB44577,SAMEA8718311,ERR8975060,S,,
PRJEB44577,SAMEA8718312,ERR8975061,S,,
PRJEB44577,SAMEA8718313,ERR8975062,S,,
PRJEB44577,SAMEA8718314,ERR8975063,S,,
PRJEB44577,SAMEA8718315,ERR8975064,S,,
PRJEB44577,SAMEA8718316,ERR8975065,S,,
PRJEB44577,SAMEA8718317,ERR8975066,S,,
PRJEB44577,SAMEA8718318,ERR8975067,S,,
PRJEB44577,SAMEA8718319,ERR8975068,S,,
PRJEB44577,SAMEA8718320,ERR8975069,S,,
PRJEB44577,SAMEA8718321,ERR8975070,S,,
PRJEB44577,SAMEA8718322,ERR8975071,S,,
PRJEB44577,SAMEA8718323,ERR8975072,S,,
PRJEB44577,SAMEA8718324,ERR8975073,S,,
PRJEB44577,SAMEA8718325,ERR8975074,S,,
PRJEB44577,SAMEA8718326,ERR8975075,S,,
PRJEB44577,SAMEA8718327,ERR8975076,S,,
PRJEB44577,SAMEA8718328,ERR8975077,S,,
PRJEB44577,SAMEA8718329,ERR8975078,S,,
PRJEB44577,SAMEA8718330,ERR8975079,S,,
PRJEB44577,SAMEA8718331,ERR8975080,S,,
PRJEB44577,SAMEA8718332,ERR8975081,S,,
PRJEB44577,SAMEA8718333,ERR8975082,S,,
PRJEB44577,SAMEA8718334,ERR8975083,S,,
PRJEB44577,SAMEA8718335,ERR8975084,S,,
PRJEB44577,SAMEA8718336,ERR8975085,S,,
PRJEB44577,SAMEA8718337,ERR8975086,S,,
PRJEB44577,SAMEA8718338,ERR8975087,S,,
PRJEB44577,SAMEA8718340,ERR8975089,S,,
PRJEB44577,SAMEA8718341,ERR8975090,S,,
PRJEB44577,SAMEA8718342,ERR8975091,S,,
PRJEB44577,SAMEA8718343,ERR8975092,S,,
PRJEB44577,SAMEA8718344,ERR8975093,S,,
PRJEB44577,SAMEA8718345,ERR8975094,S,,
PRJEB44577,SAMEA8718347,ERR8975096,S,,
PRJEB44577,SAMEA8718348,ERR8975097,S,,
PRJEB44577,SAMEA8718349,ERR8975098,S,,
PRJEB44577,SAMEA8718350,ERR8975099,S,,
PRJEB44577,SAMEA8718351,ERR8975100,S,,
PRJEB44577,SAMEA8718352,ERR8975101,S,,
PRJEB44577,SAMEA8718353,ERR8975102,S,,
PRJEB44577,SAMEA8718354,ERR8975103,S,,
PRJEB44577,SAMEA8718355,ERR8975104,S,,
PRJEB44577,SAMEA8718356,ERR8975105,S,,
PRJEB44577,SAMEA8718357,ERR8975106,S,,
PRJEB44577,SAMEA8718358,ERR8975107,S,,
PRJEB44577,SAMEA8718359,ERR8975108,S,,
PRJEB44577,SAMEA8718360,ERR8975109,S,,
PRJEB44577,SAMEA8718361,ERR8975110,S,,
PRJEB44577,SAMEA8718362,ERR8975111,S,,
PRJEB44577,SAMEA8718363,ERR8975112,S,,
PRJEB44577,SAMEA8718364,ERR8975113,S,,
PRJEB44577,SAMEA8718365,ERR8975114,S,,
PRJEB44577,SAMEA8718366,ERR8975115,S,,
PRJEB44577,SAMEA8718367,ERR8975116,S,,
PRJEB44577,SAMEA8718368,ERR8975117,S,,
PRJEB44577,SAMEA8718369,ERR8975118,S,,
PRJEB44577,SAMEA8718370,ERR8975119,S,,
PRJEB44577,SAMEA8718371,ERR8975120,S,,
PRJEB44577,SAMEA8718372,ERR8975121,S,,
PRJEB44577,SAMEA8718373,ERR8975122,S,,
PRJEB44577,SAMEA8718374,ERR8975123,S,,
PRJEB44577,SAMEA8718375,ERR8975124,S,,
PRJEB44577,SAMEA8718376,ERR8975125,S,,
PRJEB44577,SAMEA8718377,ERR8975126,S,,
PRJEB44577,SAMEA8718378,ERR8975127,S,,
PRJEB44577,SAMEA8718379,ERR8975128,S,,
PRJEB44577,SAMEA8718380,ERR8975129,S,,
PRJEB44577,SAMEA8718381,ERR8975130,S,,
PRJEB44577,SAMEA8718382,ERR8975131,S,,
PRJEB44577,SAMEA8718383,ERR8975132,S,,
PRJEB44577,SAMEA8718384,ERR8975133,S,,
PRJEB44577,SAMEA8718385,ERR8975134,S,,
PRJEB44577,SAMEA8718386,ERR8975135,S,,
PRJEB44577,SAMEA8718387,ERR8975136,S,,
PRJEB44577,SAMEA8718388,ERR8975137,S,,
PRJEB44577,SAMEA8718389,ERR8975138,S,,
PRJEB44577,SAMEA8718390,ERR8975139,S,,
PRJEB44577,SAMEA8718391,ERR8975140,S,,
PRJEB44577,SAMEA8718392,ERR8975141,S,,
PRJEB44577,SAMEA8718393,ERR8975142,S,,
PRJEB44577,SAMEA8718394,ERR8975143,S,,
PRJEB44577,SAMEA8718395,ERR8975144,S,,
PRJEB44577,SAMEA8718396,ERR8975145,S,,
PRJEB44577,SAMEA8718397,ERR8975146,S,,
PRJEB44577,SAMEA8718398,ERR8975147,S,,
PRJEB44577,SAMEA8718399,ERR8975148,S,,
PRJEB44577,SAMEA8718400,ERR8975149,S,,
PRJEB44577,SAMEA8718401,ERR8975150,S,,
PRJEB44577,SAMEA8718402,ERR8975151,S,,
PRJEB44577,SAMEA8718403,ERR8975152,S,,
PRJEB44577,SAMEA8718404,ERR8975153,S,,
PRJEB44577,SAMEA8718405,ERR8975154,S,,
PRJEB44577,SAMEA8718406,ERR8975155,S,,
PRJEB44577,SAMEA8718407,ERR8975156,S,,
PRJEB44577,SAMEA8718409,ERR8975158,S,,
PRJEB44577,SAMEA8718410,ERR8975159,S,,
PRJEB44577,SAMEA8718411,ERR8975160,S,,
PRJEB44577,SAMEA8718412,ERR8975161,S,,
PRJEB44577,SAMEA8718414,ERR8975163,S,,
PRJEB44577,SAMEA8718415,ERR8975164,S,,
PRJEB44577,SAMEA8718416,ERR8975165,S,,
PRJEB44577,SAMEA8718417,ERR8975166,S,,
PRJEB44577,SAMEA8718419,ERR8975167,S,,
PRJEB44577,SAMEA8718420,ERR8975168,S,,
PRJEB44577,SAMEA8718421,ERR8975169,S,,
PRJEB44577,SAMEA8718422,ERR8975170,S,,
PRJEB44577,SAMEA8718423,ERR8975171,S,,
PRJEB44577,SAMEA8718424,ERR8975172,S,,
PRJEB44577,SAMEA8718425,ERR8975173,S,,
PRJEB44577,SAMEA8718426,ERR8975174,S,,
PRJEB44577,SAMEA8718427,ERR8975175,S,,
PRJEB44577,SAMEA8718428,ERR8975176,S,,
PRJEB44577,SAMEA8718429,ERR8975177,S,,
PRJEB44577,SAMEA8718430,ERR8975178,S,,
PRJEB44577,SAMEA8718431,ERR8975179,S,,
PRJEB44577,SAMEA8718432,ERR8975180,S,,
PRJEB44577,SAMEA8718433,ERR8975181,S,,
PRJEB44577,SAMEA8718434,ERR8975182,S,,
PRJEB44577,SAMEA8718435,ERR8975183,S,,
PRJEB44577,SAMEA8718436,ERR8975184,S,,
PRJEB44577,SAMEA8718437,ERR8975185,S,,
PRJEB44577,SAMEA8718438,ERR8975186,S,,
PRJEB44577,SAMEA8718439,ERR8975187,S,,
PRJEB44577,SAMEA8718440,ERR8975188,S,,
PRJEB44577,SAMEA8718441,ERR8975189,S,,
PRJEB44577,SAMEA8718442,ERR8975190,S,,
PRJEB44577,SAMEA8718444,ERR8975192,S,,
PRJEB44577,SAMEA8718445,ERR8975193,S,,
PRJEB44577,SAMEA8718446,ERR8975194,S,,
PRJEB44577,SAMEA8718447,ERR8975195,S,,
PRJEB44577,SAMEA8718448,ERR8975196,S,,
PRJEB44577,SAMEA8718449,ERR8975197,S,,
PRJEB44577,SAMEA8718450,ERR8975198,S,,
PRJEB44577,SAMEA8718451,ERR8975199,S,,
PRJEB44577,SAMEA8718452,ERR8975200,S,,
PRJEB44577,SAMEA8718453,ERR8975201,S,,
PRJEB44577,SAMEA8718454,ERR8975202,S,,
PRJEB44577,SAMEA8718455,ERR8975203,S,,
PRJEB44577,SAMEA8718456,ERR8975204,S,,
PRJEB44577,SAMEA8718457,ERR8975205,S,,
PRJEB44577,SAMEA8718459,ERR8975208,S,,
PRJEB44577,SAMEA8718460,ERR8975209,S,,
PRJEB44577,SAMEA8718461,ERR8975210,S,,
PRJEB44577,SAMEA8718462,ERR8975211,S,,
PRJEB44577,SAMEA8718463,ERR8975212,S,,
PRJEB44577,SAMEA8718464,ERR8975213,S,,
PRJEB44577,SAMEA8718465,ERR8975257,S,,
PRJEB44577,SAMEA8718466,ERR8975293,S,,
PRJEB44577,SAMEA8718467,ERR8975338,S,,
PRJEB44577,SAMEA8718468,ERR8975339,S,,
PRJEB44577,SAMEA8718469,ERR8975340,S,,
PRJEB44577,SAMEA8718470,ERR8975341,S,,
PRJEB44577,SAMEA8718471,ERR8975342,S,,
PRJEB44577,SAMEA8718472,ERR8975343,S,,
PRJEB44577,SAMEA8718473,ERR8975344,S,,
PRJEB44577,SAMEA8718474,ERR8975345,S,,
PRJEB44577,SAMEA8718475,ERR8975346,S,,
PRJEB44577,SAMEA8718477,ERR8975348,S,,
PRJEB44577,SAMEA8718478,ERR8975349,S,,
PRJEB44577,SAMEA8718479,ERR8975350,S,,
PRJEB44577,SAMEA8718480,ERR8975351,S,,
PRJEB44577,SAMEA8718481,ERR8975352,S,,
PRJEB44577,SAMEA8718482,ERR8975353,S,,
PRJEB44577,SAMEA8718483,ERR8975354,S,,
PRJEB44577,SAMEA8718484,ERR8975355,S,,
PRJEB44577,SAMEA8718485,ERR8975357,S,,
PRJEB44577,SAMEA8718486,ERR8975358,S,,
PRJEB44577,SAMEA8718487,ERR8975359,S,,
PRJEB44577,SAMEA8718488,ERR8975360,S,,
PRJEB44577,SAMEA8718489,ERR8975361,S,,
PRJEB44577,SAMEA8718490,ERR8975362,S,,
PRJEB44577,SAMEA8718491,ERR8975363,S,,
PRJEB44577,SAMEA8718492,ERR8975364,S,,
PRJEB44577,SAMEA8718493,ERR8975365,S,,
PRJEB44577,SAMEA8718494,ERR8975366,S,,
PRJEB44577,SAMEA8718495,ERR8975367,S,,
PRJEB44577,SAMEA8718496,ERR8975368,S,,
PRJEB44577,SAMEA8718498,ERR8975369,S,,
PRJEB44577,SAMEA8718499,ERR8975370,S,,
PRJEB44577,SAMEA8718500,ERR8975371,S,,
PRJEB44577,SAMEA8718501,ERR8975372,S,,
PRJEB44577,SAMEA8718502,ERR8975373,S,,
PRJEB44577,SAMEA8718503,ERR8975374,S,,
PRJEB44577,SAMEA8718504,ERR8975375,S,,
PRJEB44577,SAMEA8718505,ERR8975376,S,,
PRJEB44577,SAMEA8718506,ERR8975377,S,,
PRJEB44577,SAMEA8718507,ERR8975378,S,,
PRJEB44577,SAMEA8718508,ERR8975379,S,,
PRJEB44577,SAMEA8718509,ERR8975380,S,,
PRJEB44577,SAMEA8718511,ERR8975382,S,,
PRJEB44577,SAMEA8718512,ERR8975383,S,,
PRJEB44577,SAMEA8718513,ERR8975384,S,,
PRJEB44577,SAMEA8718514,ERR8975385,S,,
PRJEB44577,SAMEA8718515,ERR8975386,S,,
PRJEB44577,SAMEA8718516,ERR8975387,S,,
PRJEB44577,SAMEA8718517,ERR8975388,S,,
PRJEB44577,SAMEA8718518,ERR8975389,S,,
PRJEB44577,SAMEA8718519,ERR8975390,S,,
PRJEB44577,SAMEA8718520,ERR8975391,S,,
PRJEB44577,SAMEA8718521,ERR8975392,S,,
PRJEB44577,SAMEA8718522,ERR8975393,S,,
PRJEB44577,SAMEA8718523,ERR8975394,S,,
PRJEB44577,SAMEA8718524,ERR8975395,S,,
PRJEB44577,SAMEA8718525,ERR8975396,S,,
PRJEB44577,SAMEA8718526,ERR8975397,S,,
PRJEB44577,SAMEA8718527,ERR8975398,S,,
PRJEB44577,SAMEA8718528,ERR8975399,S,,
PRJEB44577,SAMEA8718529,ERR8975400,S,,
PRJEB44577,SAMEA8718531,ERR8975402,S,,
PRJEB44577,SAMEA8718532,ERR8975403,S,,
PRJEB44577,SAMEA8718533,ERR8975404,S,,
PRJEB44577,SAMEA8718534,ERR8975405,S,,
PRJEB44577,SAMEA8718536,ERR8975407,S,,
PRJEB44577,SAMEA8718537,ERR8975408,S,,
PRJEB44577,SAMEA8718540,ERR8975411,S,,
PRJEB44577,SAMEA8718541,ERR8975412,S,,
PRJEB44577,SAMEA8718542,ERR8975413,S,,
PRJEB44577,SAMEA8718544,ERR8975415,S,,
PRJEB44577,SAMEA8718545,ERR8975416,S,,
PRJEB44577,SAMEA8718546,ERR8975417,S,,
PRJEB44577,SAMEA8718547,ERR8975418,S,,
PRJEB44577,SAMEA8718548,ERR8975419,S,,
PRJEB44577,SAMEA8718549,ERR8975420,S,,
PRJEB44577,SAMEA8718550,ERR8975421,S,,
PRJEB44577,SAMEA8718551,ERR8975422,S,,
PRJEB44577,SAMEA8718552,ERR8975423,S,,
PRJEB44577,SAMEA8718553,ERR8975424,S,,
PRJEB44577,SAMEA8718554,ERR8975425,S,,
PRJEB44577,SAMEA8718555,ERR8975426,S,,
PRJEB44577,SAMEA8718556,ERR8975427,S,,
PRJEB44577,SAMEA8718557,ERR8975428,S,,
PRJEB44577,SAMEA8718558,ERR8975429,S,,
PRJEB44577,SAMEA8718559,ERR8975430,S,,
PRJEB44577,SAMEA8718560,ERR8975431,S,,
PRJEB44577,SAMEA8718561,ERR8975432,S,,
PRJEB44577,SAMEA8718562,ERR8975433,S,,
PRJEB44577,SAMEA8718563,ERR8975434,S,,
PRJEB44577,SAMEA8718564,ERR8975435,S,,
PRJEB44577,SAMEA8718565,ERR8975436,S,,
PRJEB44577,SAMEA8718566,ERR8975437,S,,
PRJEB44577,SAMEA8718567,ERR8975438,S,,
PRJEB44577,SAMEA8718568,ERR8975439,S,,
PRJEB44577,SAMEA8718569,ERR8975440,S,,
PRJEB44577,SAMEA8718570,ERR8975441,S,,
PRJEB44577,SAMEA8718571,ERR8975442,S,,
PRJEB44577,SAMEA8718572,ERR8975443,S,,
PRJEB44577,SAMEA8718573,ERR8975444,S,,
PRJEB44577,SAMEA8718574,ERR8975445,S,,
PRJEB44577,SAMEA8718575,ERR8975446,S,,
PRJEB44577,SAMEA8718576,ERR8975447,S,,
PRJEB44577,SAMEA8718577,ERR8975448,S,,
PRJEB44577,SAMEA8718579,ERR8975450,S,,
PRJEB44577,SAMEA8718580,ERR8975451,S,,
PRJEB44577,SAMEA8718581,ERR8975452,S,,
PRJEB44577,SAMEA8718582,ERR8975453,S,,
PRJEB44577,SAMEA8718583,ERR8975454,S,,
PRJEB44577,SAMEA8718584,ERR8975455,S,,
PRJEB44577,SAMEA8718585,ERR8975456,S,,
PRJEB44577,SAMEA8718586,ERR8975457,S,,
PRJEB44577,SAMEA8718587,ERR8975458,S,,
PRJEB44577,SAMEA8718588,ERR8975459,S,,
PRJEB44577,SAMEA8718589,ERR8975460,S,,
PRJEB44577,SAMEA8718590,ERR8975461,S,,
PRJEB44577,SAMEA8718591,ERR8975462,S,,
PRJEB44577,SAMEA8718592,ERR8975463,S,,
PRJEB44577,SAMEA8718593,ERR8975464,S,,
PRJEB44577,SAMEA8718594,ERR8975465,S,,
PRJEB44577,SAMEA8718595,ERR8975466,S,,
PRJEB44577,SAMEA8718596,ERR8975467,S,,
PRJEB44577,SAMEA8718597,ERR8975468,S,,
PRJEB44577,SAMEA8718598,ERR8975470,S,,
PRJEB44577,SAMEA8718599,ERR8975471,S,,
PRJEB44577,SAMEA8718600,ERR8975472,S,,
PRJEB44577,SAMEA8718601,ERR8975473,S,,
PRJEB44577,SAMEA8718602,ERR8975474,S,,
PRJEB44577,SAMEA8718603,ERR8975475,S,,
PRJEB44577,SAMEA8718604,ERR8975476,S,,
PRJEB44577,SAMEA8718605,ERR8975477,S,,
PRJEB44577,SAMEA8718606,ERR8975478,S,,
PRJEB44577,SAMEA8718608,ERR8975480,S,,
PRJEB44577,SAMEA8718609,ERR8975481,S,,
PRJEB44577,SAMEA8718610,ERR8975482,S,,
PRJEB44577,SAMEA8718611,ERR8975483,S,,
PRJEB44577,SAMEA8718612,ERR8975484,S,,
PRJEB44577,SAMEA8718614,ERR8975486,S,,
PRJEB44577,SAMEA8718615,ERR8975487,S,,
PRJEB44577,SAMEA8718616,ERR8975488,S,,
PRJEB44577,SAMEA8718617,ERR8975489,S,,
PRJEB44577,SAMEA8718619,ERR8975491,S,,
PRJEB44577,SAMEA8718620,ERR8975492,S,,
PRJEB44577,SAMEA8718622,ERR8975494,S,,
PRJEB44577,SAMEA8718623,ERR8975495,S,,
PRJEB44577,SAMEA8718624,ERR8975496,S,,
PRJEB44577,SAMEA8718625,ERR8975497,S,,
PRJEB44577,SAMEA8718626,ERR8975498,S,,
PRJEB44577,SAMEA8718627,ERR8975499,S,,
PRJEB44577,SAMEA8718628,ERR8975500,S,,
PRJEB44577,SAMEA8718629,ERR8975501,S,,
PRJEB44577,SAMEA8718630,ERR8975502,S,,
PRJEB44577,SAMEA8718631,ERR8975503,S,,
PRJEB44577,SAMEA8718632,ERR8975504,S,,
PRJEB44577,SAMEA8718633,ERR8975505,S,,
PRJEB44577,SAMEA8718634,ERR8975506,S,,
PRJEB44577,SAMEA8718636,ERR8975508,S,,
PRJEB44577,SAMEA8718637,ERR8975509,S,,
PRJEB44577,SAMEA8718638,ERR8975510,S,,
PRJEB44577,SAMEA8718639,ERR8975511,S,,
PRJEB44577,SAMEA8718640,ERR8975512,S,,
PRJEB44577,SAMEA8718641,ERR8975513,S,,
PRJEB44577,SAMEA8718642,ERR8975514,S,,
PRJEB44577,SAMEA8718643,ERR8975515,S,,
PRJEB44577,SAMEA8718644,ERR8975516,S,,
PRJEB44577,SAMEA8718645,ERR8975517,S,,
PRJEB44577,SAMEA8718646,ERR8975518,S,,
PRJEB44577,SAMEA8718647,ERR8975519,S,,
PRJEB44577,SAMEA8718648,ERR8975520,S,,
PRJEB44577,SAMEA8718649,ERR8975521,S,,
PRJEB44577,SAMEA8718650,ERR8975522,S,,
PRJEB44577,SAMEA8718651,ERR8975523,S,,
PRJEB44577,SAMEA8718652,ERR8975524,S,,
PRJEB44577,SAMEA8718653,ERR8975525,S,,
PRJEB44577,SAMEA8718654,ERR8975526,S,,
PRJEB44577,SAMEA8718655,ERR8975527,S,,
PRJEB44577,SAMEA8718656,ERR8975528,S,,
PRJEB44577,SAMEA8718657,ERR8975529,S,,
PRJEB44577,SAMEA8718658,ERR8975530,S,,
PRJEB44577,SAMEA8718659,ERR8975531,S,,
PRJEB44577,SAMEA8718661,ERR8975533,S,,
PRJEB44577,SAMEA8718663,ERR8975535,S,,
PRJEB44577,SAMEA8718664,ERR8975536,S,,
PRJEB44577,SAMEA8718665,ERR8975537,S,,
PRJEB44577,SAMEA8718666,ERR8975538,S,,
PRJEB44577,SAMEA8718667,ERR8975539,S,,
PRJEB44577,SAMEA8718668,ERR8975540,S,,
PRJEB44577,SAMEA8718669,ERR8975541,S,,
PRJEB44577,SAMEA8718670,ERR8975542,S,,
PRJEB44577,SAMEA8718671,ERR8975543,S,,
PRJEB44577,SAMEA8718672,ERR8975544,S,,
PRJEB44577,SAMEA8718673,ERR8975545,S,,
PRJEB44577,SAMEA8718674,ERR8975546,S,,
PRJEB44577,SAMEA8718675,ERR8975547,S,,
PRJEB44577,SAMEA8718676,ERR8975548,S,,
PRJEB44577,SAMEA8718677,ERR8975549,S,,
PRJEB44577,SAMEA8718678,ERR8975550,S,,
PRJEB44577,SAMEA8718679,ERR8975551,S,,
PRJEB44577,SAMEA8718680,ERR8975552,S,,
PRJEB44577,SAMEA8718681,ERR8975553,S,,
PRJEB44577,SAMEA8718682,ERR8975554,S,,
PRJEB44577,SAMEA8718683,ERR8975555,S,,
PRJEB44577,SAMEA8718684,ERR8975556,S,,
PRJEB44577,SAMEA8718685,ERR8975557,S,,
PRJEB44577,SAMEA8718686,ERR8975558,S,,
PRJEB44577,SAMEA8718687,ERR8975559,S,,
PRJEB44577,SAMEA8718688,ERR8975560,S,,
PRJEB44577,SAMEA8718689,ERR8975561,S,,
PRJEB44577,SAMEA8718690,ERR8975562,S,,
PRJEB44577,SAMEA8718691,ERR8975563,S,,
PRJEB44577,SAMEA8718692,ERR8975564,S,,
PRJEB44577,SAMEA8718693,ERR8975565,S,,
PRJEB44577,SAMEA8718694,ERR8975566,S,,
PRJEB44577,SAMEA8718695,ERR8975567,S,,
PRJEB44577,SAMEA8718696,ERR8975568,S,,
PRJEB44577,SAMEA8718697,ERR8975569,S,,
PRJEB44577,SAMEA8718698,ERR8975570,S,,
PRJEB44577,SAMEA8718699,ERR8975571,S,,
PRJEB44577,SAMEA8718700,ERR8975572,S,,
PRJEB44577,SAMEA8718701,ERR8975573,S,,
PRJEB44577,SAMEA8718702,ERR8975574,S,,
PRJEB44577,SAMEA8718703,ERR8975575,S,,
PRJEB44577,SAMEA8718704,ERR8975576,S,,
PRJEB44577,SAMEA8718705,ERR8975577,S,,
PRJEB44577,SAMEA8718706,ERR8975578,S,,
PRJEB44577,SAMEA8718707,ERR8975579,S,,
PRJEB44577,SAMEA8718708,ERR8975580,S,,
PRJEB44577,SAMEA8718709,ERR8975582,S,,
PRJEB44577,SAMEA8718710,ERR8975583,S,,
PRJEB44577,SAMEA8718711,ERR8975584,S,,
PRJEB44577,SAMEA8718712,ERR8975585,S,,
PRJEB44577,SAMEA8718713,ERR8975586,S,,
PRJEB44577,SAMEA8718714,ERR8975587,S,,
PRJEB44577,SAMEA8718716,ERR8975589,S,,
PRJEB44577,SAMEA8718717,ERR8975590,S,,
PRJEB44577,SAMEA8718718,ERR8975591,S,,
PRJEB44577,SAMEA8718719,ERR8975592,S,,
PRJEB44577,SAMEA8718720,ERR8975593,S,,
PRJEB44577,SAMEA8718721,ERR8975594,S,,
PRJEB44577,SAMEA8718722,ERR8975595,S,,
PRJEB44577,SAMEA8718723,ERR8975596,S,,
PRJEB44577,SAMEA8718724,ERR8975597,S,,
PRJEB44577,SAMEA8718725,ERR8975598,S,,
PRJEB44577,SAMEA8718726,ERR8975599,S,,
PRJEB44577,SAMEA8718727,ERR8975600,S,,
PRJEB44577,SAMEA8718728,ERR8975601,S,,
PRJEB44577,SAMEA8718729,ERR8975602,S,,
PRJEB44577,SAMEA8718730,ERR8975603,S,,
PRJEB44577,SAMEA8718732,ERR8975605,S,,
PRJEB44577,SAMEA8718733,ERR8975606,S,,
PRJEB44577,SAMEA8718734,ERR8975607,S,,
PRJEB44577,SAMEA8718735,ERR8975608,S,,
PRJEB44577,SAMEA8718736,ERR8975609,S,,
PRJEB44577,SAMEA8718737,ERR8975610,S,,
PRJEB44577,SAMEA8718738,ERR8975611,S,,
PRJEB44577,SAMEA8718739,ERR8975612,S,,
PRJEB44577,SAMEA8718740,ERR8975613,S,,
PRJEB44577,SAMEA8718741,ERR8975614,S,,
PRJEB44577,SAMEA8718742,ERR8975615,S,,
PRJEB44577,SAMEA8718744,ERR8975617,S,,
PRJEB44577,SAMEA8718745,ERR8975618,S,,
PRJEB44577,SAMEA8718746,ERR8975619,S,,
PRJEB44577,SAMEA8718747,ERR8975620,S,,
PRJEB44577,SAMEA8718748,ERR8975621,S,,
PRJEB44577,SAMEA8718749,ERR8975622,S,,
PRJEB44577,SAMEA8718750,ERR8975623,S,,
PRJEB44577,SAMEA8718751,ERR8975624,S,,
PRJEB44577,SAMEA8718752,ERR8975625,S,,
PRJEB44577,SAMEA8718753,ERR8975626,S,,
PRJEB44577,SAMEA8718754,ERR8975627,S,,
PRJEB44577,SAMEA8718755,ERR8975628,S,,
PRJEB44577,SAMEA8718756,ERR8975629,S,,
PRJEB44577,SAMEA8718757,ERR8975630,S,,
PRJEB44577,SAMEA8718758,ERR8975631,S,,
PRJEB44577,SAMEA8718759,ERR8975632,S,,
PRJEB44577,SAMEA8718760,ERR8975633,S,,
PRJEB44577,SAMEA8718761,ERR8975634,S,,
PRJEB44577,SAMEA8718762,ERR8975635,S,,
PRJEB44577,SAMEA8718763,ERR8975636,S,,
PRJEB44577,SAMEA8718773,ERR8975646,S,,
PRJEB44577,SAMEA8718774,ERR8975647,S,,
PRJEB44577,SAMEA8718775,ERR8975648,S,,
PRJEB44577,SAMEA8718776,ERR8975649,S,,
PRJEB44577,SAMEA8718777,ERR8975650,S,,
PRJEB44577,SAMEA8718778,ERR8975651,S,,
PRJEB44577,SAMEA8718779,ERR8975652,S,,
PRJEB44577,SAMEA8718780,ERR8975653,S,,
PRJEB44577,SAMEA8718781,ERR8975654,S,,
PRJEB44577,SAMEA8718782,ERR8975655,S,,
PRJEB44577,SAMEA8718784,ERR8975657,S,,
PRJEB44577,SAMEA8718785,ERR8975658,S,,
PRJEB44577,SAMEA8718788,ERR8975661,S,,
PRJEB44577,SAMEA8718789,ERR8975662,S,,
PRJEB44577,SAMEA8718790,ERR8975663,S,,
PRJEB44577,SAMEA8718791,ERR8975664,S,,
PRJEB44577,SAMEA8718792,ERR8975665,S,,
PRJEB44577,SAMEA8718793,ERR8975667,S,,
PRJEB44577,SAMEA8718794,ERR8975668,S,,
PRJEB44577,SAMEA8718795,ERR8975669,S,,
PRJEB44577,SAMEA8718796,ERR8975670,R,,
PRJEB44577,SAMEA8718797,ERR8975671,S,,
PRJEB44577,SAMEA8718798,ERR8975672,S,,
PRJEB44577,SAMEA8718799,ERR8975673,S,,
PRJEB44577,SAMEA8718800,ERR8975674,S,,
PRJEB44577,SAMEA8718801,ERR8975675,S,,
PRJEB44577,SAMEA8718802,ERR8975676,S,,
PRJEB44577,SAMEA8718803,ERR8975677,S,,
PRJEB44577,SAMEA8718804,ERR8975678,R,,
PRJEB44577,SAMEA8718805,ERR8975679,S,,
PRJEB44577,SAMEA8718806,ERR8975680,S,,
PRJEB44577,SAMEA8718807,ERR8975681,S,,
PRJEB44577,SAMEA8718808,ERR8975682,S,,
PRJEB44577,SAMEA8718809,ERR8975683,S,,
PRJEB44577,SAMEA8718810,ERR8975684,S,,
PRJEB44577,SAMEA8718811,ERR8975685,S,,
PRJEB44577,SAMEA8718812,ERR8975686,S,,
PRJEB44577,SAMEA8718813,ERR8975687,S,,
PRJEB44577,SAMEA8718814,ERR8975688,S,,
PRJEB44577,SAMEA8718816,ERR8975690,S,,
PRJEB44577,SAMEA8718817,ERR8975691,S,,
PRJEB44577,SAMEA8718818,ERR8975692,S,,
PRJEB44577,SAMEA8718819,ERR8975693,S,,
PRJEB44577,SAMEA8718820,ERR8975694,S,,
PRJEB44577,SAMEA8718821,ERR8975695,S,,
PRJEB44577,SAMEA8718822,ERR8975696,S,,
PRJEB44577,SAMEA8718823,ERR8975697,S,,
PRJEB44577,SAMEA8718824,ERR8975698,S,,
PRJEB44577,SAMEA8718825,ERR8975699,S,,
PRJEB44577,SAMEA8718826,ERR8975700,S,,
PRJEB44577,SAMEA8718827,ERR8975701,S,,
PRJEB44577,SAMEA8718828,ERR8975702,S,,
PRJEB44577,SAMEA8718829,ERR8975703,S,,
PRJEB44577,SAMEA8718830,ERR8975704,S,,
PRJEB44577,SAMEA8718832,ERR8975706,S,,
PRJEB44577,SAMEA8718833,ERR8975707,S,,
PRJEB44577,SAMEA8718834,ERR8975708,S,,
PRJEB44577,SAMEA8718835,ERR8975709,S,,
PRJEB44577,SAMEA8718836,ERR8975710,S,,
PRJEB44577,SAMEA8718837,ERR8975711,S,,
PRJEB44577,SAMEA8718838,ERR8975712,S,,
PRJEB44577,SAMEA8718839,ERR8975713,S,,
PRJEB44577,SAMEA8718842,ERR8975716,R,,
PRJEB44577,SAMEA8718843,ERR8975717,S,,
PRJEB44577,SAMEA8718844,ERR8975718,R,,
PRJEB44577,SAMEA8718845,ERR8975719,S,,
PRJEB44577,SAMEA8718846,ERR8975720,S,,
PRJEB44577,SAMEA8718847,ERR8975721,S,,
PRJEB44577,SAMEA8718848,ERR8975722,S,,
PRJEB44577,SAMEA8718849,ERR8975723,S,,
PRJEB44577,SAMEA8718850,ERR8975724,S,,
PRJEB44577,SAMEA8718851,ERR8975725,S,,
PRJEB44577,SAMEA8718852,ERR8975726,S,,
PRJEB44577,SAMEA8718853,ERR8975727,S,,
PRJEB44577,SAMEA8718854,ERR8975728,S,,
PRJEB44577,SAMEA8718855,ERR8975729,S,,
PRJEB44577,SAMEA8718856,ERR8975730,S,,
PRJEB44577,SAMEA8718857,ERR8975731,S,,
PRJEB44577,SAMEA8718858,ERR8975732,S,,
PRJEB44577,SAMEA8718859,ERR8975733,S,,
PRJEB44577,SAMEA8718860,ERR8975734,S,,
PRJEB44577,SAMEA8718861,ERR8975735,S,,
PRJEB44577,SAMEA8718862,ERR8975736,S,,
PRJEB44577,SAMEA8718863,ERR8975737,S,,
PRJEB44577,SAMEA8718864,ERR8975738,S,,
PRJEB44577,SAMEA8718865,ERR8975739,S,,
PRJEB44577,SAMEA8718866,ERR8975740,S,,
PRJEB44577,SAMEA8718867,ERR8975741,S,,
PRJEB44577,SAMEA8718868,ERR8975742,S,,
PRJEB44577,SAMEA8718869,ERR8975743,S,,
PRJEB44577,SAMEA8718870,ERR8975744,S,,
PRJEB44577,SAMEA8718871,ERR8975745,S,,
PRJEB44577,SAMEA8718872,ERR8975746,S,,
PRJEB44577,SAMEA8718873,ERR8975747,S,,
PRJEB44577,SAMEA8718874,ERR8975748,S,,
PRJEB44577,SAMEA8718877,ERR8975751,S,,
PRJEB44577,SAMEA8718879,ERR8975753,S,,
PRJEB44577,SAMEA8718880,ERR8975754,S,,
PRJEB44577,SAMEA8718881,ERR8975755,R,,
PRJEB44577,SAMEA8718883,ERR8975757,R,,
PRJEB44577,SAMEA8718884,ERR8975758,S,,
PRJEB44577,SAMEA8718885,ERR8975759,S,,
PRJEB44577,SAMEA8718886,ERR8975760,S,,
PRJEB44577,SAMEA8718887,ERR8975761,S,,
PRJEB44577,SAMEA8718888,ERR8975762,R,,
PRJEB44577,SAMEA8718889,ERR8975763,S,,
PRJEB44577,SAMEA8718890,ERR8975764,S,,
PRJEB44577,SAMEA8718891,ERR8975765,S,,
PRJEB44577,SAMEA8718892,ERR8975766,S,,
PRJEB44577,SAMEA8718893,ERR8975767,S,,
PRJEB44577,SAMEA8718894,ERR8975768,S,,
PRJEB44577,SAMEA8718895,ERR8975769,S,,
PRJEB44577,SAMEA8718896,ERR8975770,S,,
PRJEB44577,SAMEA8718897,ERR8975771,S,,
PRJEB44577,SAMEA8718899,ERR8975774,S,,
PRJEB44577,SAMEA8718901,ERR8975776,S,,
PRJEB44577,SAMEA8718902,ERR8975777,S,,
PRJEB44577,SAMEA8718903,ERR8975778,S,,
PRJEB44577,SAMEA8718904,ERR8975779,S,,
PRJEB44577,SAMEA8718906,ERR8975781,S,,
PRJEB44577,SAMEA8718907,ERR8975782,S,,
PRJEB44577,SAMEA8718909,ERR8975784,S,,
PRJEB44577,SAMEA8718910,ERR8975785,S,,
PRJEB44577,SAMEA8718911,ERR8975786,S,,
PRJEB44577,SAMEA8718912,ERR8975787,S,,
PRJEB44577,SAMEA8718915,ERR8975790,S,,
PRJEB44577,SAMEA8718916,ERR8975791,S,,
PRJEB44577,SAMEA8718917,ERR8975792,S,,
PRJEB44577,SAMEA8718919,ERR8975794,S,,
PRJEB44577,SAMEA8718921,ERR8975796,S,,
PRJEB44577,SAMEA8718922,ERR8975797,S,,
PRJEB44577,SAMEA8718923,ERR8975798,S,,
PRJEB44577,SAMEA8718924,ERR8975799,S,,
PRJEB44577,SAMEA8718925,ERR8975800,R,,
PRJEB44577,SAMEA8718926,ERR8975801,S,,
PRJEB44577,SAMEA8718927,ERR8975802,R,,
PRJEB44577,SAMEA8718928,ERR8975803,S,,
PRJEB44577,SAMEA8718929,ERR8975804,S,,
PRJEB44577,SAMEA8718931,ERR8975806,S,,
PRJEB44577,SAMEA8718932,ERR8975807,R,,
PRJEB44577,SAMEA8718933,ERR8975808,S,,
PRJEB44577,SAMEA8718934,ERR8975809,S,,
PRJEB44577,SAMEA8718935,ERR8975810,S,,
PRJEB44577,SAMEA8718936,ERR8975812,S,,
PRJEB44577,SAMEA8718937,ERR8975813,S,,
PRJEB44577,SAMEA8718938,ERR8975814,S,,
PRJEB44577,SAMEA8718939,ERR8975815,S,,
PRJEB44577,SAMEA8718940,ERR8975816,S,,
PRJEB44577,SAMEA8718941,ERR8975817,S,,
PRJEB44577,SAMEA8718942,ERR8975818,S,,
PRJEB44577,SAMEA8718943,ERR8975819,S,,
PRJEB44577,SAMEA8718944,ERR8975820,S,,
PRJEB44577,SAMEA8718946,ERR8975822,S,,
PRJEB44577,SAMEA8718947,ERR8975823,S,,
PRJEB44577,SAMEA8718950,ERR8975826,S,,
PRJEB44577,SAMEA8718951,ERR8975827,S,,
PRJEB44577,SAMEA8718952,ERR8975828,S,,
PRJEB44577,SAMEA8718953,ERR8975829,S,,
PRJEB44577,SAMEA8718954,ERR8975830,S,,
PRJEB44577,SAMEA8718955,ERR8975831,R,,
PRJEB44577,SAMEA8718956,ERR8975832,S,,
PRJEB44577,SAMEA8718957,ERR8975833,S,,
PRJEB44577,SAMEA8718959,ERR8975835,S,,
PRJEB44577,SAMEA8718960,ERR8975836,S,,
PRJEB44577,SAMEA8718961,ERR8975837,S,,
PRJEB44577,SAMEA8718962,ERR8975838,S,,
PRJEB44577,SAMEA8718964,ERR8975840,S,,
PRJEB44577,SAMEA8718965,ERR8975841,S,,
PRJEB44577,SAMEA8718966,ERR8975842,S,,
PRJEB44577,SAMEA8718968,ERR8975844,S,,
PRJEB44577,SAMEA8718970,ERR8975846,R,,
PRJEB44577,SAMEA8718971,ERR8975847,S,,
PRJEB44577,SAMEA8718972,ERR8975848,S,,
PRJEB44577,SAMEA8718973,ERR8975849,S,,
PRJEB44577,SAMEA8718975,ERR8975851,S,,
PRJEB44577,SAMEA8718976,ERR8975852,S,,
PRJEB44577,SAMEA8718977,ERR8975853,S,,
PRJEB44577,SAMEA8718978,ERR8975854,S,,
PRJEB44577,SAMEA8718979,ERR8975855,S,,
PRJEB44577,SAMEA8718980,ERR8975856,S,,
PRJEB44577,SAMEA8718981,ERR8975857,S,,
PRJEB44577,SAMEA8718982,ERR8975858,S,,
PRJEB44577,SAMEA8718983,ERR8975859,S,,
PRJEB44577,SAMEA8718984,ERR8975860,S,,
PRJEB44577,SAMEA8718986,ERR8975862,S,,
PRJEB44577,SAMEA8718987,ERR8975863,S,,
PRJEB44577,SAMEA8718988,ERR8975864,S,,
PRJEB44577,SAMEA8718989,ERR8975865,R,,
PRJEB44577,SAMEA8718990,ERR8975866,S,,
PRJEB44577,SAMEA8718991,ERR8975867,S,,
PRJEB44577,SAMEA8718992,ERR8975868,S,,
PRJEB44577,SAMEA8718993,ERR8975869,S,,
PRJEB44577,SAMEA8718994,ERR8975870,S,,
PRJEB44577,SAMEA8718995,ERR8975871,S,,
PRJEB44577,SAMEA8718996,ERR8975872,S,,
PRJEB44577,SAMEA8718997,ERR8975873,S,,
PRJEB44577,SAMEA8718998,ERR8975874,S,,
PRJEB44577,SAMEA8718999,ERR8975875,S,,
PRJEB44577,SAMEA8719000,ERR8975876,S,,
PRJEB44577,SAMEA8719001,ERR8975877,S,,
PRJEB44577,SAMEA8719002,ERR8975878,S,,
PRJEB44577,SAMEA8719003,ERR8975879,S,,
PRJEB44577,SAMEA8719004,ERR8975880,S,,
PRJEB44577,SAMEA8719005,ERR8975881,S,,
PRJEB44577,SAMEA8719007,ERR8975883,S,,
PRJEB44577,SAMEA8719008,ERR8975884,S,,
PRJEB44577,SAMEA8719009,ERR8975885,S,,
PRJEB44577,SAMEA8719011,ERR8975887,S,,
PRJEB44577,SAMEA8719012,ERR8975888,S,,
PRJEB44577,SAMEA8719013,ERR8975889,S,,
PRJEB44577,SAMEA8719014,ERR8975890,S,,
PRJEB44577,SAMEA8719015,ERR8975891,S,,
PRJEB44577,SAMEA8719016,ERR8975892,S,,
PRJEB44577,SAMEA8719017,ERR8975893,S,,
PRJEB44577,SAMEA8719019,ERR8975895,S,,
PRJEB44577,SAMEA8719020,ERR8975896,S,,
PRJEB44577,SAMEA8719021,ERR8975897,S,,
PRJEB44577,SAMEA8719022,ERR8975898,S,,
PRJEB44577,SAMEA8719023,ERR8975899,S,,
PRJEB44577,SAMEA8719024,ERR8975900,S,,
PRJEB44577,SAMEA8719025,ERR8975901,S,,
PRJEB44577,SAMEA8719026,ERR8975902,S,,
PRJEB44577,SAMEA8719027,ERR8975903,S,,
PRJEB44577,SAMEA8719028,ERR8975904,S,,
PRJEB44577,SAMEA8719029,ERR8975905,S,,
PRJEB44577,SAMEA8719030,ERR8975906,S,,
PRJEB44577,SAMEA8719031,ERR8975907,S,,
PRJEB44577,SAMEA8719032,ERR8975908,S,,
PRJEB44577,SAMEA8719033,ERR8975909,S,,
PRJEB44577,SAMEA8719034,ERR8975910,S,,
PRJEB44577,SAMEA8719036,ERR8975912,S,,
PRJEB44577,SAMEA8719037,ERR8975913,S,,
PRJEB44577,SAMEA8719038,ERR8975914,S,,
PRJEB44577,SAMEA8719039,ERR8975915,R,,
PRJEB44577,SAMEA8719040,ERR8975916,R,,
PRJEB44577,SAMEA8719041,ERR8975917,S,,
PRJEB44577,SAMEA8719042,ERR8975918,S,,
PRJEB44577,SAMEA8719043,ERR8975919,S,,
PRJEB44577,SAMEA8719044,ERR8975920,R,,
PRJEB44577,SAMEA8719045,ERR8975921,S,,
PRJEB44577,SAMEA8719046,ERR8975922,S,,
PRJEB44577,SAMEA8719047,ERR8975923,S,,
PRJEB44577,SAMEA8719049,ERR8975925,S,,
PRJEB44577,SAMEA8719050,ERR8975926,S,,
PRJEB44577,SAMEA8719051,ERR8975927,S,,
PRJEB44577,SAMEA8719052,ERR8975928,S,,
PRJEB44577,SAMEA8719053,ERR8975929,S,,
PRJEB44577,SAMEA8719054,ERR8975930,S,,
PRJEB44577,SAMEA8719055,ERR8975931,S,,
PRJEB44577,SAMEA8719056,ERR8975932,S,,
PRJEB44577,SAMEA8719057,ERR8975933,S,,
PRJEB44577,SAMEA8719058,ERR8975934,S,,
PRJEB44577,SAMEA8719059,ERR8975935,S,,
PRJEB44577,SAMEA8719060,ERR8975936,S,,
PRJEB44577,SAMEA8719061,ERR8975937,S,,
PRJEB44577,SAMEA8719062,ERR8975938,S,,
PRJEB44577,SAMEA8719063,ERR8975939,S,,
PRJEB44577,SAMEA8719064,ERR8975940,R,,
PRJEB44577,SAMEA8719066,ERR8975942,S,,
PRJEB44577,SAMEA8719067,ERR8975943,S,,
PRJEB44577,SAMEA8719068,ERR8975945,S,,
PRJEB44577,SAMEA8719069,ERR8975946,S,,
PRJEB44577,SAMEA8719070,ERR8975947,R,,
PRJEB44577,SAMEA8719071,ERR8975948,S,,
PRJEB44577,SAMEA8719072,ERR8975949,R,,
PRJEB44577,SAMEA8719073,ERR8975950,S,,
PRJEB44577,SAMEA8719074,ERR8975951,S,,
PRJEB44577,SAMEA8719075,ERR8975952,S,,
PRJEB44577,SAMEA8719076,ERR8975953,S,,
PRJEB44577,SAMEA8719077,ERR8975954,S,,
PRJEB44577,SAMEA8719078,ERR8975955,S,,
PRJEB44577,SAMEA8719079,ERR8975956,S,,
PRJEB44577,SAMEA8719080,ERR8975957,S,,
PRJEB44577,SAMEA8719081,ERR8975958,S,,
PRJEB44577,SAMEA8719082,ERR8975959,S,,
PRJEB44577,SAMEA8719083,ERR8975960,S,,
PRJEB44577,SAMEA8719084,ERR8975961,S,,
PRJEB44577,SAMEA8719085,ERR8975962,S,,
PRJEB44577,SAMEA8719086,ERR8975963,S,,
PRJEB44577,SAMEA8719087,ERR8975964,S,,
PRJEB44577,SAMEA8719088,ERR8975965,S,,
PRJEB44577,SAMEA8719089,ERR8975966,S,,
PRJEB44577,SAMEA8719090,ERR8975967,S,,
PRJEB44577,SAMEA8719091,ERR8975968,S,,
PRJEB44577,SAMEA8719092,ERR8975969,S,,
PRJEB44577,SAMEA8719093,ERR8975970,S,,
PRJEB44577,SAMEA8719094,ERR8975971,S,,
PRJEB44577,SAMEA8719095,ERR8975972,S,,
PRJEB44577,SAMEA8719096,ERR8975973,S,,
PRJEB44577,SAMEA8719097,ERR8975974,S,,
PRJEB44577,SAMEA8719098,ERR8975975,S,,
PRJEB44577,SAMEA8719099,ERR8975976,S,,
PRJEB44577,SAMEA8719100,ERR8975977,S,,
PRJEB44577,SAMEA8719101,ERR8975978,S,,
PRJEB44577,SAMEA8719102,ERR8975979,S,,
PRJEB44577,SAMEA8719103,ERR8975980,S,,
PRJEB44577,SAMEA8719104,ERR8975981,S,,
PRJEB44577,SAMEA8719105,ERR8975982,S,,
PRJEB44577,SAMEA8719106,ERR8975983,S,,
PRJEB44577,SAMEA8719107,ERR8975984,S,,
PRJEB44577,SAMEA8719108,ERR8975985,S,,
PRJEB44577,SAMEA8719109,ERR8975986,S,,
PRJEB44577,SAMEA8719110,ERR8975987,S,,
PRJEB44577,SAMEA8719111,ERR8975988,S,,
PRJEB44577,SAMEA8719112,ERR8975989,S,,
PRJEB44577,SAMEA8719113,ERR8975990,S,,
PRJEB44577,SAMEA8719114,ERR8975991,R,,
PRJEB44577,SAMEA8719115,ERR8975992,S,,
PRJEB44577,SAMEA8719116,ERR8975993,S,,
PRJEB44577,SAMEA8719117,ERR8975994,S,,
PRJEB44577,SAMEA8719118,ERR8975995,S,,
PRJEB44577,SAMEA8719119,ERR8975996,S,,
PRJEB44577,SAMEA8719120,ERR8975997,S,,
PRJEB44577,SAMEA8719121,ERR8975998,S,,
PRJEB44577,SAMEA8719122,ERR8975999,S,,
PRJEB44577,SAMEA8719123,ERR8976000,S,,
PRJEB44577,SAMEA8719124,ERR8976001,S,,
PRJEB44577,SAMEA8719125,ERR8976002,S,,
PRJEB44577,SAMEA8719126,ERR8976003,S,,
PRJEB44577,SAMEA8719127,ERR8976004,S,,
PRJEB44577,SAMEA8719128,ERR8976005,S,,
PRJEB44577,SAMEA8719129,ERR8976006,S,,
PRJEB44577,SAMEA8719131,ERR8976008,S,,
PRJEB44577,SAMEA8719132,ERR8976009,S,,
PRJEB44577,SAMEA8719133,ERR8976010,S,,
PRJEB44577,SAMEA8719134,ERR8976011,S,,
PRJEB44577,SAMEA8719135,ERR8976012,S,,
PRJEB44577,SAMEA8719136,ERR8976013,R,,
PRJEB44577,SAMEA8719137,ERR8976014,R,,
PRJEB44577,SAMEA8719138,ERR8976015,S,,
PRJEB44577,SAMEA8719139,ERR8976016,S,,
PRJEB44577,SAMEA8719140,ERR8976017,S,,
PRJEB44577,SAMEA8719141,ERR8976018,S,,
PRJEB44577,SAMEA8719142,ERR8976019,S,,
PRJEB44577,SAMEA8719143,ERR8976021,S,,
PRJEB44577,SAMEA8719144,ERR8976022,S,,
PRJEB44577,SAMEA8719145,ERR8976023,S,,
PRJEB44577,SAMEA8719146,ERR8976024,S,,
PRJEB44577,SAMEA8719147,ERR8976025,S,,
PRJEB44577,SAMEA8719148,ERR8976026,S,,
PRJEB44577,SAMEA8719149,ERR8976027,S,,
PRJEB44577,SAMEA8719150,ERR8976028,S,,
PRJEB44577,SAMEA8719151,ERR8976029,S,,
PRJEB44577,SAMEA8719152,ERR8976030,S,,
PRJEB44577,SAMEA8719153,ERR8976031,S,,
PRJEB44577,SAMEA8719154,ERR8976032,S,,
PRJEB44577,SAMEA8719155,ERR8976033,S,,
PRJEB44577,SAMEA8719157,ERR8976035,S,,
PRJEB44577,SAMEA8719158,ERR8976036,S,,
PRJEB44577,SAMEA8719159,ERR8976037,S,,
PRJEB44577,SAMEA8719160,ERR8976038,S,,
PRJEB44577,SAMEA8719162,ERR8976040,S,,
PRJEB44577,SAMEA8719163,ERR8976041,S,,
PRJEB44577,SAMEA8719164,ERR8976042,S,,
PRJEB44577,SAMEA8719166,ERR8976044,S,,
PRJEB44577,SAMEA8719167,ERR8976045,S,,
PRJEB44577,SAMEA8719169,ERR8976046,R,,
PRJEB44577,SAMEA8719170,ERR8976047,R,,
PRJEB44577,SAMEA8719171,ERR8976048,S,,
PRJEB44577,SAMEA8719172,ERR8976049,S,,
PRJEB44577,SAMEA8719173,ERR8976050,S,,
PRJEB44577,SAMEA8719175,ERR8976052,S,,
PRJEB44577,SAMEA8719176,ERR8976053,S,,
PRJEB44577,SAMEA8719177,ERR8976054,S,,
PRJEB44577,SAMEA8719178,ERR8976055,S,,
PRJEB44577,SAMEA8719179,ERR8976056,S,,
PRJEB44577,SAMEA8719180,ERR8976057,S,,
PRJEB44577,SAMEA8719181,ERR8976058,S,,
PRJEB44577,SAMEA8719182,ERR8976059,S,,
PRJEB44577,SAMEA8719183,ERR8976060,S,,
PRJEB44577,SAMEA8719184,ERR8976061,S,,
PRJEB44577,SAMEA8719185,ERR8976062,S,,
PRJEB44577,SAMEA8719187,ERR8976064,S,,
PRJEB44577,SAMEA8719188,ERR8976065,S,,
PRJEB44577,SAMEA8719189,ERR8976066,S,,
PRJEB44577,SAMEA8719190,ERR8976067,S,,
PRJEB44577,SAMEA8719192,ERR8976069,S,,
PRJEB44577,SAMEA8719194,ERR8976071,S,,
PRJEB44577,SAMEA8719195,ERR8976072,S,,
PRJEB44577,SAMEA8719196,ERR8976073,S,,
PRJEB44577,SAMEA8719197,ERR8976074,S,,
PRJEB44577,SAMEA8719199,ERR8976076,S,,
PRJEB44577,SAMEA8719200,ERR8976077,S,,
PRJEB44577,SAMEA8719201,ERR8976078,S,,
PRJEB44577,SAMEA8719202,ERR8976079,S,,
PRJEB44577,SAMEA8719203,ERR8976080,S,,
PRJEB44577,SAMEA8719204,ERR8976081,S,,
PRJEB44577,SAMEA8719205,ERR8976082,S,,
PRJEB44577,SAMEA8719206,ERR8976083,S,,
PRJEB44577,SAMEA8719207,ERR8976084,S,,
PRJEB44577,SAMEA8719208,ERR8976085,S,,
PRJEB44577,SAMEA8719209,ERR8976086,S,,
PRJEB44577,SAMEA8719210,ERR8976087,S,,
PRJEB44577,SAMEA8719211,ERR8976088,S,,
PRJEB44577,SAMEA8719212,ERR8976089,S,,
PRJEB44577,SAMEA8719213,ERR8976090,S,,
PRJEB44577,SAMEA8719214,ERR8976091,S,,
PRJEB44577,SAMEA8719215,ERR8976092,R,,
PRJEB44577,SAMEA8719216,ERR8976093,S,,
PRJEB44577,SAMEA8719217,ERR8976094,S,,
PRJEB44577,SAMEA8719218,ERR8976095,S,,
PRJEB44577,SAMEA8719219,ERR8976096,S,,
PRJEB44577,SAMEA8719220,ERR8976097,S,,
PRJEB44577,SAMEA8719221,ERR8976098,S,,
PRJEB44577,SAMEA8719222,ERR8976099,S,,
PRJEB44577,SAMEA8719223,ERR8976100,S,,
PRJEB44577,SAMEA8719224,ERR8976101,S,,
PRJEB44577,SAMEA8719225,ERR8976102,S,,
PRJEB44577,SAMEA8719226,ERR8976103,S,,
PRJEB44577,SAMEA8719228,ERR8976104,S,,
PRJEB44577,SAMEA8719229,ERR8976105,S,,
PRJEB44577,SAMEA8719230,ERR8976106,S,,
PRJEB44577,SAMEA8719231,ERR8976107,S,,
PRJEB44577,SAMEA8719233,ERR8976108,S,,
PRJEB44577,SAMEA8719235,ERR8976109,S,,
PRJEB44577,SAMEA8719236,ERR8976110,S,,
PRJEB44577,SAMEA8719237,ERR8976111,S,,
PRJEB44577,SAMEA8719238,ERR8976112,S,,
PRJEB44577,SAMEA8719239,ERR8976113,S,,
PRJEB44577,SAMEA8719241,ERR8976114,S,,
PRJEB44577,SAMEA8719242,ERR8976115,S,,
PRJEB44577,SAMEA8719243,ERR8976116,S,,
PRJEB44577,SAMEA8719245,ERR8976117,S,,
PRJEB44577,SAMEA8719246,ERR8976118,S,,
PRJEB44577,SAMEA8719247,ERR8976119,S,,
PRJEB44577,SAMEA8719248,ERR8976120,S,,
PRJEB44577,SAMEA8719249,ERR8976121,S,,
PRJEB44577,SAMEA8719252,ERR8976123,S,,
PRJEB51043,SAMEA8741897,ERR8699087,S,,
PRJEB51043,SAMEA8741898,ERR8699088,S,,
PRJEB51043,SAMEA8741899,ERR8699089,S,,
PRJEB51043,SAMEA8741900,ERR8699090,S,,
PRJEB51043,SAMEA8741901,ERR8699091,S,,
PRJEB51043,SAMEA8741902,ERR8699092,S,,
PRJEB51043,SAMEA8741904,ERR8699094,S,,
PRJEB51043,SAMEA8741905,ERR8699095,S,,
PRJEB51043,SAMEA8741906,ERR8699096,S,,
PRJEB51043,SAMEA8741907,ERR8699097,S,,
PRJEB51043,SAMEA8741908,ERR8699098,S,,
PRJEB51043,SAMEA8741909,ERR8699099,S,,
PRJEB51043,SAMEA8741910,ERR8699100,S,,
PRJEB51043,SAMEA8741911,ERR8699101,S,,
PRJEB51043,SAMEA8741912,ERR8699103,S,,
PRJEB51043,SAMEA8741913,ERR8699104,S,,
PRJEB51043,SAMEA8741914,ERR8699105,S,,
PRJEB51043,SAMEA8741915,ERR8699106,S,,
PRJEB51043,SAMEA8741916,ERR8699107,S,,
PRJEB51043,SAMEA8741917,ERR8699108,S,,
PRJEB51043,SAMEA8741918,ERR8699109,S,,
PRJEB51043,SAMEA8741919,ERR8699110,S,,
PRJEB51043,SAMEA8741920,ERR8699111,S,,
PRJEB51043,SAMEA8741921,ERR8699112,S,,
PRJEB51043,SAMEA8741922,ERR8699113,S,,
PRJEB51043,SAMEA8741923,ERR8699114,S,,
PRJEB51043,SAMEA8741924,ERR8699115,S,,
PRJEB51043,SAMEA8741925,ERR8699116,S,,
PRJEB51043,SAMEA8741926,ERR8699117,S,,
PRJEB51043,SAMEA8741927,ERR8699118,S,,
PRJEB51043,SAMEA8741928,ERR8699119,S,,
PRJEB51043,SAMEA8741929,ERR8699120,S,,
PRJEB51043,SAMEA8741931,ERR8699122,S,,
PRJEB51043,SAMEA8741932,ERR8699123,S,,
PRJEB51043,SAMEA8741933,ERR8699124,S,,
PRJEB51043,SAMEA8741935,ERR8699127,S,,
PRJEB51043,SAMEA8741936,ERR8699128,S,,
PRJEB51043,SAMEA8741938,ERR8699130,S,,
PRJEB51043,SAMEA8741939,ERR8699131,S,,
PRJEB51043,SAMEA8741941,ERR8699133,S,,
PRJEB51043,SAMEA8741944,ERR8699136,S,,
PRJEB51043,SAMEA8741945,ERR8699137,S,,
PRJEB51043,SAMEA8741946,ERR8699138,S,,
PRJEB51043,SAMEA8741947,ERR8699139,S,,
PRJEB51043,SAMEA8741948,ERR8699140,S,,
PRJEB51043,SAMEA8741949,ERR8699141,S,,
PRJEB51043,SAMEA8741950,ERR8699142,S,,
PRJEB51043,SAMEA8741951,ERR8699143,S,,
PRJEB51043,SAMEA8741952,ERR8699144,S,,
PRJEB51043,SAMEA8741953,ERR8699145,S,,
PRJEB51043,SAMEA8741955,ERR8699147,S,,
PRJEB51043,SAMEA8741956,ERR8699148,S,,
PRJEB51043,SAMEA8741957,ERR8699149,S,,
PRJEB51043,SAMEA8741958,ERR8699150,S,,
PRJEB51043,SAMEA8741959,ERR8699151,S,,
PRJEB51043,SAMEA8741960,ERR8699152,S,,
PRJEB51043,SAMEA8741961,ERR8699154,S,,
PRJEB51043,SAMEA8741962,ERR8699155,S,,
PRJEB51043,SAMEA8741963,ERR8699156,S,,
PRJEB51043,SAMEA8741964,ERR8699157,S,,
PRJEB51043,SAMEA8741965,ERR8699158,S,,
PRJEB51043,SAMEA8741966,ERR8699159,S,,
PRJEB51043,SAMEA8741967,ERR8699160,S,,
PRJEB51043,SAMEA8741968,ERR8699161,S,,
PRJEB51043,SAMEA8741969,ERR8699162,S,,
PRJEB51043,SAMEA8741970,ERR8699163,S,,
PRJEB51043,SAMEA8741971,ERR8699164,S,,
PRJEB51043,SAMEA8741977,ERR8699170,S,,
PRJEB51043,SAMEA8741978,ERR8699171,S,,
PRJEB51043,SAMEA8741982,ERR8699175,S,,
PRJEB51043,SAMEA8741983,ERR8699176,S,,
PRJEB51043,SAMEA8741984,ERR8699177,S,,
PRJEB51043,SAMEA8741985,ERR8699178,S,,
PRJEB51043,SAMEA8741986,ERR8699179,S,,
PRJEB51043,SAMEA8741987,ERR8699180,S,,
PRJEB51043,SAMEA8741988,ERR8699181,S,,
PRJEB51043,SAMEA8741989,ERR8699182,S,,
PRJEB51043,SAMEA8741990,ERR8699183,S,,
PRJEB51043,SAMEA8741991,ERR8699184,S,,
PRJEB51043,SAMEA8741992,ERR8699185,S,,
PRJEB51043,SAMEA8741994,ERR8699187,S,,
PRJEB51043,SAMEA8741995,ERR8699188,S,,
PRJEB51043,SAMEA8741996,ERR8699189,S,,
PRJEB51043,SAMEA8741998,ERR8699191,S,,
PRJEB51043,SAMEA8741999,ERR8699192,S,,
PRJEB51043,SAMEA8742000,ERR8699193,S,,
PRJEB51043,SAMEA8742001,ERR8699194,S,,
PRJEB51043,SAMEA8742002,ERR8699195,S,,
PRJEB51043,SAMEA8742005,ERR8699198,S,,
PRJEB51043,SAMEA8742006,ERR8699199,S,,
PRJEB51043,SAMEA8742008,ERR8699201,S,,
PRJEB51043,SAMEA8742010,ERR8699204,S,,
PRJEB51043,SAMEA8742011,ERR8699205,S,,
PRJEB51043,SAMEA8742012,ERR8699206,S,,
PRJEB51043,SAMEA8742013,ERR8699207,S,,
PRJEB51043,SAMEA8742014,ERR8699208,S,,
PRJEB51043,SAMEA8742015,ERR8699209,S,,
PRJEB51043,SAMEA8742016,ERR8699210,S,,
PRJEB51043,SAMEA8742018,ERR8699212,S,,
PRJEB51043,SAMEA8742019,ERR8699213,S,,
PRJEB51043,SAMEA8742020,ERR8699214,S,,
PRJEB51043,SAMEA8742021,ERR8699215,S,,
PRJEB51043,SAMEA8742022,ERR8699216,S,,
PRJEB51043,SAMEA8742024,ERR8699218,S,,
PRJEB51043,SAMEA8742025,ERR8699219,S,,
PRJEB51043,SAMEA8742026,ERR8699220,S,,
PRJEB51043,SAMEA8742028,ERR8699222,S,,
PRJEB51043,SAMEA8742029,ERR8699223,S,,
PRJEB51043,SAMEA8742030,ERR8699224,S,,
PRJEB51043,SAMEA8742031,ERR8699225,S,,
PRJEB51043,SAMEA8742032,ERR8699226,S,,
PRJEB51043,SAMEA8742034,ERR8699228,S,,
PRJEB51043,SAMEA8742035,ERR8699229,S,,
PRJEB51043,SAMEA8742036,ERR8699230,S,,
PRJEB51043,SAMEA8742037,ERR8699231,S,,
PRJEB51043,SAMEA8742038,ERR8699232,S,,
PRJEB51043,SAMEA8742039,ERR8699267,S,,
PRJEB51043,SAMEA8742040,ERR8699312,S,,
PRJEB51043,SAMEA8742041,ERR8699366,S,,
PRJEB51043,SAMEA8742042,ERR8699380,S,,
PRJEB51043,SAMEA8742043,ERR8699489,S,,
PRJEB51043,SAMEA8742044,ERR8699609,S,,
PRJEB51043,SAMEA8742045,ERR8699679,S,,
PRJEB51043,SAMEA8742046,ERR8699726,S,,
PRJEB51043,SAMEA8742047,ERR8699727,S,,
PRJEB51043,SAMEA8742048,ERR8699728,S,,
PRJEB51043,SAMEA8742049,ERR8699729,S,,
PRJEB51043,SAMEA8742050,ERR8699730,S,,
PRJEB51043,SAMEA8742051,ERR8699731,S,,
PRJEB51043,SAMEA8742052,ERR8699732,S,,
PRJEB51043,SAMEA8742053,ERR8699733,S,,
PRJEB51043,SAMEA8742054,ERR8699735,S,,
PRJEB51043,SAMEA8742056,ERR8699737,S,,
PRJEB51043,SAMEA8742057,ERR8699738,S,,
PRJEB51043,SAMEA8742058,ERR8699739,S,,
PRJEB51043,SAMEA8742062,ERR8699743,S,,
PRJEB51043,SAMEA8742063,ERR8699744,S,,
PRJEB51043,SAMEA8742064,ERR8699745,S,,
PRJEB51043,SAMEA8742065,ERR8699746,S,,
PRJEB51043,SAMEA8742066,ERR8699747,S,,
PRJEB51043,SAMEA8742067,ERR8699749,S,,
PRJEB51043,SAMEA8742068,ERR8699750,S,,
PRJEB51043,SAMEA8742070,ERR8699752,S,,
PRJEB51043,SAMEA8742071,ERR8699753,S,,
PRJEB51043,SAMEA8742072,ERR8699754,S,,
PRJEB51043,SAMEA8742073,ERR8699755,S,,
PRJEB51043,SAMEA8742074,ERR8699756,S,,
PRJEB51043,SAMEA8742075,ERR8699757,S,,
PRJEB51043,SAMEA8742076,ERR8699758,S,,
PRJEB51043,SAMEA8742077,ERR8699759,S,,
PRJEB51043,SAMEA8742078,ERR8699760,S,,
PRJEB51043,SAMEA8742079,ERR8699761,S,,
PRJEB51043,SAMEA8742080,ERR8699762,S,,
PRJEB51043,SAMEA8742081,ERR8699763,S,,
PRJEB51043,SAMEA8742082,ERR8699764,S,,
PRJEB51043,SAMEA8742084,ERR8699766,S,,
PRJEB51043,SAMEA8742085,ERR8699767,S,,
PRJEB51043,SAMEA8742086,ERR8699768,S,,
PRJEB51043,SAMEA8742087,ERR8699769,S,,
PRJEB51043,SAMEA8742088,ERR8699770,S,,
PRJEB51043,SAMEA8742089,ERR8699771,S,,
PRJEB51043,SAMEA8742090,ERR8699772,S,,
PRJEB51043,SAMEA8742091,ERR8699773,S,,
PRJEB51043,SAMEA8742092,ERR8699774,S,,
PRJEB51043,SAMEA8742093,ERR8699775,S,,
PRJEB51043,SAMEA8742094,ERR8699776,S,,
PRJEB51043,SAMEA8742095,ERR8699777,S,,
PRJEB51043,SAMEA8742096,ERR8699778,S,,
PRJEB51043,SAMEA8742097,ERR8699779,S,,
PRJEB51043,SAMEA8742098,ERR8699780,S,,
PRJEB51043,SAMEA8742100,ERR8699782,S,,
PRJEB51043,SAMEA8742101,ERR8699783,S,,
PRJEB51043,SAMEA8742104,ERR8699786,S,,
PRJEB51043,SAMEA8742108,ERR8699790,S,,
PRJEB51043,SAMEA8742109,ERR8699791,S,,
PRJEB51043,SAMEA8742110,ERR8699792,S,,
PRJEB51043,SAMEA8742112,ERR8699794,S,,
PRJEB51043,SAMEA8742113,ERR8699795,S,,
PRJEB51043,SAMEA8742114,ERR8699796,S,,
PRJEB51043,SAMEA8742115,ERR8699797,S,,
PRJEB51043,SAMEA8742116,ERR8699798,S,,
PRJEB51043,SAMEA8742117,ERR8699799,S,,
PRJEB51043,SAMEA8742120,ERR8699802,S,,
PRJEB51043,SAMEA8742121,ERR8699803,S,,
PRJEB51043,SAMEA8742122,ERR8699804,S,,
PRJEB51043,SAMEA8742123,ERR8699805,S,,
PRJEB51043,SAMEA8742125,ERR8699807,S,,
PRJEB51043,SAMEA8742126,ERR8699809,S,,
PRJEB51043,SAMEA8742127,ERR8699810,S,,
PRJEB51043,SAMEA8742128,ERR8699811,S,,
PRJEB51043,SAMEA8742129,ERR8699812,S,,
PRJEB51043,SAMEA8742130,ERR8699813,S,,
PRJEB51043,SAMEA8742131,ERR8699814,S,,
PRJEB51043,SAMEA8742132,ERR8699815,S,,
PRJEB51043,SAMEA8742133,ERR8699816,S,,
PRJEB51043,SAMEA8742134,ERR8699817,S,,
PRJEB51043,SAMEA8742136,ERR8699819,S,,
PRJEB51043,SAMEA8742137,ERR8699820,S,,
PRJEB51043,SAMEA8742138,ERR8699821,S,,
PRJEB51043,SAMEA8742139,ERR8699822,S,,
PRJEB51043,SAMEA8742140,ERR8699823,S,,
PRJEB51043,SAMEA8742141,ERR8699824,S,,
PRJEB51043,SAMEA8742142,ERR8699825,S,,
PRJEB51043,SAMEA8742143,ERR8699826,S,,
PRJEB51043,SAMEA8742144,ERR8699827,S,,
PRJEB51043,SAMEA8742145,ERR8699828,S,,
PRJEB51043,SAMEA8742146,ERR8699829,S,,
PRJEB51043,SAMEA8742147,ERR8699830,S,,
PRJEB51043,SAMEA8742148,ERR8699831,S,,
PRJEB51043,SAMEA8742149,ERR8699832,S,,
PRJEB51043,SAMEA8742150,ERR8699833,S,,
PRJEB51043,SAMEA8742152,ERR8699835,S,,
PRJEB51043,SAMEA8742153,ERR8699836,S,,
PRJEB51043,SAMEA8742154,ERR8699837,S,,
PRJEB51043,SAMEA8742155,ERR8699838,S,,
PRJEB51043,SAMEA8742159,ERR8699842,S,,
PRJEB51043,SAMEA8742160,ERR8699843,S,,
PRJEB51043,SAMEA8742162,ERR8699845,S,,
PRJEB51043,SAMEA8742163,ERR8699846,S,,
PRJEB51043,SAMEA8742166,ERR8699849,S,,
PRJEB51043,SAMEA8742167,ERR8699850,S,,
PRJEB51043,SAMEA8742168,ERR8699851,S,,
PRJEB51043,SAMEA8742169,ERR8699852,S,,
PRJEB51043,SAMEA8742170,ERR8699854,S,,
PRJEB51043,SAMEA8742173,ERR8699857,S,,
PRJEB51043,SAMEA8742174,ERR8699887,S,,
PRJEB51043,SAMEA8742175,ERR8699994,S,,
PRJEB51043,SAMEA8742176,ERR8700152,S,,
PRJEB51043,SAMEA8742177,ERR8700278,S,,
PRJEB51043,SAMEA8742178,ERR8700348,S,,
PRJEB51043,SAMEA8742188,ERR8700359,S,,
PRJEB51043,SAMEA8742189,ERR8700360,S,,
PRJEB51043,SAMEA8742190,ERR8700361,S,,
PRJEB51043,SAMEA8742191,ERR8700362,S,,
PRJEB51043,SAMEA8742192,ERR8700363,S,,
PRJEB51043,SAMEA8742193,ERR8700364,S,,
PRJEB51043,SAMEA8742195,ERR8700366,S,,
PRJEB51043,SAMEA8742196,ERR8700367,S,,
PRJEB51043,SAMEA8742205,ERR8700376,S,,
PRJEB51043,SAMEA8742206,ERR8700377,S,,
PRJEB51043,SAMEA8742208,ERR8700379,S,,
PRJEB51043,SAMEA8742209,ERR8700380,S,,
PRJEB51043,SAMEA8742210,ERR8700381,S,,
PRJEB51043,SAMEA8742211,ERR8700382,S,,
PRJEB51043,SAMEA8742212,ERR8700383,S,,
PRJEB51043,SAMEA8742213,ERR8700384,S,,
PRJEB51043,SAMEA8742214,ERR8700385,S,,
PRJEB51043,SAMEA8742215,ERR8700386,S,,
PRJEB51043,SAMEA8742216,ERR8700387,S,,
PRJEB51043,SAMEA8742217,ERR8700388,S,,
PRJEB51043,SAMEA8742218,ERR8700389,S,,
PRJEB51043,SAMEA8742220,ERR8700391,S,,
PRJEB51043,SAMEA8742221,ERR8700392,S,,
PRJEB51043,SAMEA8742223,ERR8700394,S,,
PRJEB51043,SAMEA8742224,ERR8700395,S,,
PRJEB51043,SAMEA8742227,ERR8700398,S,,
PRJEB51043,SAMEA8742229,ERR8700400,S,,
PRJEB51043,SAMEA8742230,ERR8700401,S,,
PRJEB51043,SAMEA8742231,ERR8700402,S,,
PRJEB51043,SAMEA8742240,ERR8700411,S,,
PRJEB51043,SAMEA8742241,ERR8700412,S,,
PRJEB51043,SAMEA8742247,ERR8700416,S,,
PRJEB44608,SAMEA8742278,ERR5917966,S,,
PRJEB44608,SAMEA8742279,ERR5917967,S,,
PRJEB44608,SAMEA8742280,ERR5917968,S,,
PRJEB44608,SAMEA8742281,ERR5917969,S,,
PRJEB44608,SAMEA8742282,ERR5917970,S,,
PRJEB44608,SAMEA8742283,ERR5917971,S,,
PRJEB44608,SAMEA8742284,ERR5917972,S,,
PRJEB44608,SAMEA8742285,ERR5917973,S,,
PRJEB44608,SAMEA8742286,ERR5917974,S,,
PRJEB44608,SAMEA8742288,ERR5917976,S,,
PRJEB44608,SAMEA8742289,ERR5917977,S,,
PRJEB44608,SAMEA8742290,ERR5917978,S,,
PRJEB44608,SAMEA8742291,ERR5917979,S,,
PRJEB44608,SAMEA8742292,ERR5917980,S,,
PRJEB44608,SAMEA8742294,ERR5917982,S,,
PRJEB44608,SAMEA8742295,ERR5917983,S,,
PRJEB44608,SAMEA8742296,ERR5917984,R,,
PRJEB44608,SAMEA8742298,ERR5917986,S,,
PRJEB44608,SAMEA8742299,ERR5917987,S,,
PRJEB44608,SAMEA8742300,ERR5917988,S,,
PRJEB44608,SAMEA8742301,ERR5917989,S,,
PRJEB44608,SAMEA8742302,ERR5917990,S,,
PRJEB44608,SAMEA8742303,ERR5917991,S,,
PRJEB44608,SAMEA8742304,ERR5917992,R,,
PRJEB44608,SAMEA8742305,ERR5917993,S,,
PRJEB44608,SAMEA8742306,ERR5917994,S,,
PRJEB44608,SAMEA8742307,ERR5917995,S,,
PRJEB44608,SAMEA8742308,ERR5917996,R,,
PRJEB44608,SAMEA8742309,ERR5917997,S,,
PRJEB44608,SAMEA8742310,ERR5917998,S,,
PRJEB44608,SAMEA8742311,ERR5917999,S,,
PRJEB44608,SAMEA8742312,ERR5918000,S,,
PRJEB44608,SAMEA8742313,ERR5918001,S,,
PRJEB44608,SAMEA8742314,ERR5918002,S,,
PRJEB44608,SAMEA8742315,ERR5918003,S,,
PRJEB44608,SAMEA8742316,ERR5918004,S,,
PRJEB44608,SAMEA8742317,ERR5918005,S,,
PRJEB44608,SAMEA8742318,ERR5918006,S,,
PRJEB44608,SAMEA8742319,ERR5918007,S,,
PRJEB44608,SAMEA8742320,ERR5918008,S,,
PRJEB44608,SAMEA8742321,ERR5918009,S,,
PRJEB44608,SAMEA8742322,ERR5918010,S,,
PRJEB44608,SAMEA8742323,ERR5918011,S,,
PRJEB44608,SAMEA8742324,ERR5918012,S,,
PRJEB44608,SAMEA8742325,ERR5918013,S,,
PRJEB44608,SAMEA8742328,ERR5918016,S,,
PRJEB44608,SAMEA8742329,ERR5918017,S,,
PRJEB44608,SAMEA8742330,ERR5918018,S,,
PRJEB44608,SAMEA8742331,ERR5918019,S,,
PRJEB44608,SAMEA8742332,ERR5918020,R,,
PRJEB44608,SAMEA8742333,ERR5918021,S,,
PRJEB44608,SAMEA8742334,ERR5918022,S,,
PRJEB44608,SAMEA8742335,ERR5918023,S,,
PRJEB44608,SAMEA8742336,ERR5918024,S,,
PRJEB44608,SAMEA8742337,ERR5918025,S,,
PRJEB44608,SAMEA8742339,ERR5918027,S,,
PRJEB44608,SAMEA8742340,ERR5918028,S,,
PRJEB44608,SAMEA8742341,ERR5918029,S,,
PRJEB44608,SAMEA8742342,ERR5918030,S,,
PRJEB44608,SAMEA8742343,ERR5918031,S,,
PRJEB44608,SAMEA8742344,ERR5918032,S,,
PRJEB44608,SAMEA8742345,ERR5918033,S,,
PRJEB44608,SAMEA8742346,ERR5918034,S,,
PRJEB44608,SAMEA8742347,ERR5918035,S,,
PRJEB44608,SAMEA8742348,ERR5918036,S,,
PRJEB44608,SAMEA8742349,ERR5918037,S,,
PRJEB44608,SAMEA8742350,ERR5918038,S,,
PRJEB44608,SAMEA8742351,ERR5918039,S,,
PRJEB44608,SAMEA8742352,ERR5918040,S,,
PRJEB44608,SAMEA8742354,ERR5918042,S,,
PRJEB44608,SAMEA8742355,ERR5918043,S,,
PRJEB44608,SAMEA8742356,ERR5918044,S,,
PRJEB44608,SAMEA8742358,ERR5918046,S,,
PRJEB44608,SAMEA8742359,ERR5918047,S,,
PRJEB44608,SAMEA8742360,ERR5918048,S,,
PRJEB44608,SAMEA8742361,ERR5918049,S,,
PRJEB44608,SAMEA8742362,ERR5918050,S,,
PRJEB44608,SAMEA8742363,ERR5918051,S,,
PRJEB44608,SAMEA8742364,ERR5918052,S,,
PRJEB44608,SAMEA8742365,ERR5918053,S,,
PRJEB44608,SAMEA8742366,ERR5918054,S,,
PRJEB44608,SAMEA8742367,ERR5918055,S,,
PRJEB44608,SAMEA8742368,ERR5918056,S,,
PRJEB44608,SAMEA8742369,ERR5918057,S,,
PRJEB44608,SAMEA8742370,ERR5918058,S,,
PRJEB44608,SAMEA8742383,ERR5918059,S,,
PRJEB44608,SAMEA8742389,ERR5918060,S,,
PRJEB44608,SAMEA8742390,ERR5918061,S,,
PRJEB44608,SAMEA8742391,ERR5918062,S,,
PRJEB44608,SAMEA8742392,ERR5918063,S,,
PRJEB44608,SAMEA8742393,ERR5918064,S,,
PRJEB44608,SAMEA8742394,ERR5918065,S,,
PRJEB44608,SAMEA8742395,ERR5918066,S,,
PRJEB44608,SAMEA8742396,ERR5918067,S,,
PRJEB44608,SAMEA8742397,ERR5918068,S,,
PRJEB44608,SAMEA8742398,ERR5918069,S,,
PRJEB44608,SAMEA8742399,ERR5918070,S,,
PRJEB44608,SAMEA8742400,ERR5918071,S,,
PRJEB44608,SAMEA8742401,ERR5918072,S,,
PRJEB44608,SAMEA8742403,ERR5918074,S,,
PRJEB44608,SAMEA8742405,ERR5918076,S,,
PRJEB44608,SAMEA8742406,ERR5918077,S,,
PRJEB44608,SAMEA8742407,ERR5918078,S,,
PRJEB44608,SAMEA8742408,ERR5918079,S,,
PRJEB44608,SAMEA8742409,ERR5918080,S,,
PRJEB44608,SAMEA8742410,ERR5918081,S,,
PRJEB44608,SAMEA8742411,ERR5918082,S,,
PRJEB44608,SAMEA8742412,ERR5918083,S,,
PRJEB44608,SAMEA8742413,ERR5918084,S,,
PRJEB44608,SAMEA8742414,ERR5918085,S,,
PRJEB44608,SAMEA8742415,ERR5918086,S,,
PRJEB44608,SAMEA8742416,ERR5918087,S,,
PRJEB44608,SAMEA8742417,ERR5918088,S,,
PRJEB44608,SAMEA8742419,ERR5918089,S,,
PRJEB44608,SAMEA8742420,ERR5918090,S,,
PRJEB44608,SAMEA8742421,ERR5918091,S,,
PRJEB44608,SAMEA8742422,ERR5918092,S,,
PRJEB44608,SAMEA8742423,ERR5918093,S,,
PRJEB44608,SAMEA8742424,ERR5918094,S,,
PRJEB44608,SAMEA8742425,ERR5918095,S,,
PRJEB44608,SAMEA8742426,ERR5918096,S,,
PRJEB44608,SAMEA8742427,ERR5918097,S,,
PRJEB44608,SAMEA8742428,ERR5918098,S,,
PRJEB44608,SAMEA8742429,ERR5918099,S,,
PRJEB44608,SAMEA8742430,ERR5918100,S,,
PRJEB44608,SAMEA8742431,ERR5918101,S,,
PRJEB44608,SAMEA8742432,ERR5918102,S,,
PRJEB44608,SAMEA8742434,ERR5918104,S,,
PRJEB44608,SAMEA8742435,ERR5918105,R,,
PRJEB44608,SAMEA8742436,ERR5918106,S,,
PRJEB44608,SAMEA8742437,ERR5918107,S,,
PRJEB44608,SAMEA8742438,ERR5918108,S,,
PRJEB44608,SAMEA8742439,ERR5918109,S,,
PRJEB44608,SAMEA8742440,ERR5918110,S,,
PRJEB44608,SAMEA8742441,ERR5918111,S,,
PRJEB44608,SAMEA8742442,ERR5918112,S,,
PRJEB44608,SAMEA8742443,ERR5918113,S,,
PRJEB44608,SAMEA8742444,ERR5918114,S,,
PRJEB44608,SAMEA8742445,ERR5918115,S,,
PRJEB44608,SAMEA8742447,ERR5918117,S,,
PRJEB44608,SAMEA8742448,ERR5918118,S,,
PRJEB44608,SAMEA8742449,ERR5918119,S,,
PRJEB44608,SAMEA8742450,ERR5918120,S,,
PRJEB44608,SAMEA8742451,ERR5918121,S,,
PRJEB44608,SAMEA8742452,ERR5918122,S,,
PRJEB44608,SAMEA8742453,ERR5918123,S,,
PRJEB44608,SAMEA8742454,ERR5918124,S,,
PRJEB44608,SAMEA8742455,ERR5918125,S,,
PRJEB44608,SAMEA8742456,ERR5918126,S,,
PRJEB44608,SAMEA8742457,ERR5918127,S,,
PRJEB44608,SAMEA8742458,ERR5918128,S,,
PRJEB44608,SAMEA8742459,ERR5918129,S,,
PRJEB44608,SAMEA8742460,ERR5918130,S,,
PRJEB44608,SAMEA8742461,ERR5918131,S,,
PRJEB44608,SAMEA8742462,ERR5918132,S,,
PRJEB44608,SAMEA8742463,ERR5918133,S,,
PRJEB44608,SAMEA8742464,ERR5918134,S,,
PRJEB44608,SAMEA8742465,ERR5918135,S,,
PRJEB44608,SAMEA8742466,ERR5918136,S,,
PRJEB44608,SAMEA8742467,ERR5918137,S,,
PRJEB44608,SAMEA8742468,ERR5918138,S,,
PRJEB44608,SAMEA8742469,ERR5918139,S,,
PRJEB44608,SAMEA8742470,ERR5918140,S,,
PRJEB44608,SAMEA8742471,ERR5918141,S,,
PRJEB44608,SAMEA8742472,ERR5918142,S,,
PRJEB44608,SAMEA8742473,ERR5918143,S,,
PRJEB44608,SAMEA8742474,ERR5918144,S,,
PRJEB44608,SAMEA8742475,ERR5918145,S,,
PRJEB44608,SAMEA8742476,ERR5918146,S,,
PRJEB44608,SAMEA8742477,ERR5918147,S,,
PRJEB44608,SAMEA8742478,ERR5918148,S,,
PRJEB44608,SAMEA8742479,ERR5918149,S,,
PRJEB44608,SAMEA8742480,ERR5918150,S,,
PRJEB44608,SAMEA8742482,ERR5918152,S,,
PRJEB44608,SAMEA8742483,ERR5918153,S,,
PRJEB44608,SAMEA8742484,ERR5918154,S,,
PRJEB44608,SAMEA8742485,ERR5918155,S,,
PRJEB44608,SAMEA8742486,ERR5918157,S,,
PRJEB44608,SAMEA8742487,ERR5918158,S,,
PRJEB44608,SAMEA8742488,ERR5918159,S,,
PRJEB44608,SAMEA8742489,ERR5918160,S,,
PRJEB51042,SAMEA8742544,ERR8686156,S,,
PRJEB51042,SAMEA8742545,ERR8686157,S,,
PRJEB51042,SAMEA8742546,ERR8686158,S,,
PRJEB51042,SAMEA8742547,ERR8686159,S,,
PRJEB51042,SAMEA8742548,ERR8686160,S,,
PRJEB51042,SAMEA8742549,ERR8686161,S,,
PRJEB51042,SAMEA8742550,ERR8686162,S,,
PRJEB51042,SAMEA8742551,ERR8686163,S,,
PRJEB51042,SAMEA8742552,ERR8686164,S,,
PRJEB51042,SAMEA8742553,ERR8686165,S,,
PRJEB51042,SAMEA8742554,ERR8686166,S,,
PRJEB51042,SAMEA8742555,ERR8686167,S,,
PRJEB51042,SAMEA8742556,ERR8686168,S,,
PRJEB51042,SAMEA8742557,ERR8686169,S,,
PRJEB51042,SAMEA8742558,ERR8686170,S,,
PRJEB51042,SAMEA8742559,ERR8686171,S,,
PRJEB51042,SAMEA8742560,ERR8686172,S,,
PRJEB51042,SAMEA8742561,ERR8686173,S,,
PRJEB51042,SAMEA8742562,ERR8686174,S,,
PRJEB51042,SAMEA8742563,ERR8686175,S,,
PRJEB51042,SAMEA8742564,ERR8686176,S,,
PRJEB51042,SAMEA8742565,ERR8686177,S,,
PRJEB51042,SAMEA8742566,ERR8686178,S,,
PRJEB51042,SAMEA8742567,ERR8686179,S,,
PRJEB51042,SAMEA8742568,ERR8686180,S,,
PRJEB51042,SAMEA8742569,ERR8686181,S,,
PRJEB51042,SAMEA8742591,ERR8686203,S,,
PRJEB51042,SAMEA8742592,ERR8686204,S,,
PRJEB51042,SAMEA8742593,ERR8686205,S,,
PRJEB51042,SAMEA8742594,ERR8686206,S,,
PRJEB51042,SAMEA8742595,ERR8686207,S,,
PRJEB51042,SAMEA8742596,ERR8686208,S,,
PRJEB51042,SAMEA8742597,ERR8686209,S,,
PRJEB51042,SAMEA8742598,ERR8686210,S,,
PRJEB51042,SAMEA8742599,ERR8686211,S,,
PRJEB51042,SAMEA8742600,ERR8686213,S,,
PRJEB51042,SAMEA8742601,ERR8686214,S,,
PRJEB51042,SAMEA8742602,ERR8686215,S,,
PRJEB51042,SAMEA8742603,ERR8686216,S,,
PRJEB51042,SAMEA8742604,ERR8686217,S,,
PRJEB51042,SAMEA8742606,ERR8686219,S,,
PRJEB51042,SAMEA8742607,ERR8686220,S,,
PRJEB51042,SAMEA8742608,ERR8686221,S,,
PRJEB51042,SAMEA8742609,ERR8686398,S,,
PRJEB51042,SAMEA8742610,ERR8686485,S,,
PRJEB51042,SAMEA8742611,ERR8686560,S,,
PRJEB51042,SAMEA8742612,ERR8686561,S,,
PRJEB51042,SAMEA8742613,ERR8686562,S,,
PRJEB51042,SAMEA8742614,ERR8686563,S,,
PRJEB51042,SAMEA8742615,ERR8686564,S,,
PRJEB51042,SAMEA8742617,ERR8686566,S,,
PRJEB51042,SAMEA8742637,ERR8686586,S,,
PRJEB51042,SAMEA8742638,ERR8686587,S,,
PRJEB51042,SAMEA8742639,ERR8686589,S,,
PRJEB51042,SAMEA8742640,ERR8686590,S,,
PRJEB51042,SAMEA8742641,ERR8686591,S,,
PRJEB51042,SAMEA8742643,ERR8686593,S,,
PRJEB51042,SAMEA8742644,ERR8686594,S,,
PRJEB51042,SAMEA8742645,ERR8686595,S,,
PRJEB51042,SAMEA8742646,ERR8686596,S,,
PRJEB51042,SAMEA8742647,ERR8686597,S,,
PRJEB51042,SAMEA8742648,ERR8686598,S,,
